image,split,estimated_players,occupied_cells,n_CSK,n_DC,n_GT,n_KKR,n_LSG,n_MI,n_PBKS,n_RR,n_RCB,n_SRH
PBKSvsMI_image_41.jpg,Train,1,11,0,0,0,0,0,0,1,0,0,0
SRHvsMI_image_28.jpg,Train,1,37,0,0,0,0,0,1,0,0,0,0
KKRvsSRH_image_21.jpg,Train,1,10,0,0,0,1,0,0,0,0,0,0
RCBvsPBKS_image_75.jpg,Train,1,9,0,0,0,0,0,0,1,0,0,0
KKRvsSRH_image_5.jpg,Train,2,30,0,0,0,2,0,0,0,0,0,0
GTvsMI_image_254.jpg,Train,1,7,0,0,1,0,0,0,0,0,0,0
SRHvsDC_image_21.jpg,Train,1,8,0,1,0,0,0,0,0,0,0,0
SRHvsDC_image_113.jpg,Train,0,0,0,0,0,0,0,0,0,0,0,0
PBKSvsMI_image_73.jpg,Train,1,2,0,0,0,0,0,0,1,0,0,0
SRHvsPBKS_image_128.jpg,Train,2,5,0,0,0,0,0,0,1,0,0,1
PBKSvsCSK_image_90.jpg,Train,1,2,1,0,0,0,0,0,0,0,0,0
PBKSvsCSK_image_141.jpg,Train,3,13,1,0,0,0,0,0,2,0,0,0
RRvsCSK_image_105.jpg,Train,1,12,0,0,0,0,0,0,0,1,0,0
KKRvsRCB_image_59.jpg,Train,2,24,0,0,0,1,0,0,0,0,1,0
RRvsMI_image_43.jpg,Train,1,6,0,0,0,0,0,1,0,0,0,0
KKRvsCSK_image_15.jpg,Train,1,4,0,0,0,1,0,0,0,0,0,0
LSGvsSRH_image_42.jpg,Train,1,11,0,0,0,0,1,0,0,0,0,0
GTvsSRH_image_153.jpg,Train,1,13,0,0,0,0,0,0,0,0,0,1
KKRvsSRH_image_205.jpg,Train,1,11,0,0,0,0,0,0,0,0,0,1
KKRvsSRH_image_213.jpg,Train,1,9,0,0,0,0,0,0,0,0,0,1
RCBvsPBKS_image_95.jpg,Train,1,8,0,0,0,0,0,0,0,0,1,0
RRvsLSG_image_44.jpg,Train,1,3,0,0,0,0,1,0,0,0,0,0
PBKSvsCSK_image_252.jpg,Train,2,10,0,0,0,0,0,0,2,0,0,0
KKRvsRCB_image_128.jpg,Train,1,7,0,0,0,0,0,0,0,0,1,0
GTvsRR_image_187.jpg,Train,1,8,0,0,0,0,0,0,0,1,0,0
GTvsSRH_image_213.jpg,Train,1,8,0,0,0,0,0,0,0,0,0,1
LSGvsMI_image_97.jpg,Train,1,6,0,0,0,0,1,0,0,0,0,0
PBKSvsDC_image_53.jpg,Train,1,27,0,0,0,0,0,0,1,0,0,0
SRHvsDC_image_68.jpg,Train,1,5,0,1,0,0,0,0,0,0,0,0
SRHvsPBKS_image_66.jpg,Train,3,17,0,0,0,0,0,0,2,0,0,1
KKRvsRR_image_102.jpg,Train,1,10,0,0,0,1,0,0,0,0,0,0
RCBvsSRH_image_92.jpg,Train,1,12,0,0,0,0,0,0,0,0,1,0
RCBvsPBKS_image_9.jpg,Train,1,6,0,0,0,0,0,0,1,0,0,0
PBKSvsMI_image_46.jpg,Train,1,4,0,0,0,0,0,1,0,0,0,0
SRHvsPBKS_image_130.jpg,Train,1,17,0,0,0,0,0,0,0,0,0,1
KKRvsCSK_image_148.jpg,Train,1,23,1,0,0,0,0,0,0,0,0,0
PBKSvsCSK_image_256.jpg,Train,1,6,0,0,0,0,0,0,1,0,0,0
KKRvsCSK_image_203.jpg,Train,1,6,0,0,0,1,0,0,0,0,0,0
GTvsPBKS_image_88.jpg,Train,2,5,0,0,1,0,0,0,1,0,0,0
LSGvsRCB_image_175.jpg,Train,1,9,0,0,0,0,0,0,0,0,1,0
PBKSvsCSK_image_220.jpg,Train,1,8,1,0,0,0,0,0,0,0,0,0
GTvsPBKS_image_57.jpg,Train,1,3,0,0,1,0,0,0,0,0,0,0
KKRvsCSK_image_144.jpg,Train,1,4,1,0,0,0,0,0,0,0,0,0
MIvsKKR_image_6.jpg,Train,2,7,0,0,0,1,0,1,0,0,0,0
KKRvsLSG_image_137.jpg,Train,0,0,0,0,0,0,0,0,0,0,0,0
KKRvsRR_image_57.jpg,Train,1,4,0,0,0,0,0,0,0,1,0,0
LSGvsSRH_image_8.jpg,Train,1,6,0,0,0,0,0,0,0,0,0,1
KKRvsSRH_image_98.jpg,Train,1,16,0,0,0,0,0,0,0,0,0,1
LSGvsSRH_image_20.jpg,Train,1,6,0,0,0,0,1,0,0,0,0,0
RCBvsGT_image_79.jpg,Train,1,21,0,0,0,0,0,0,0,0,1,0
KKRvsPBKS_image_161.jpg,Train,1,5,0,0,0,1,0,0,0,0,0,0
RCBvsCSK_image_162.jpg,Train,1,10,1,0,0,0,0,0,0,0,0,0
RCBvsCSK_image_97.jpg,Train,1,8,0,0,0,0,0,0,0,0,1,0
GTvsPBKS_image_0.jpg,Train,1,4,0,0,1,0,0,0,0,0,0,0
SRHvsDC_image_115.jpg,Train,2,8,0,1,0,0,0,0,0,0,0,1
KKRvsLSG_image_55.jpg,Train,1,8,0,0,0,0,1,0,0,0,0,0
GTvsMI_image_69.jpg,Train,1,3,0,0,1,0,0,0,0,0,0,0
SRHvsDC_image_22.jpg,Train,1,11,0,1,0,0,0,0,0,0,0,0
KKRvsLSG_image_108.jpg,Train,1,19,0,0,0,0,1,0,0,0,0,0
PBKSvsCSK_image_11.jpg,Train,1,7,0,0,0,0,0,0,1,0,0,0
KKRvsPBKS_image_80.jpg,Train,1,4,0,0,0,0,0,0,1,0,0,0
GTvsRR_image_76.jpg,Train,1,7,0,0,0,0,0,0,0,1,0,0
SRHvsPBKS_image_25.jpg,Train,0,0,0,0,0,0,0,0,0,0,0,0
RCBvsSRH_image_168.jpg,Train,2,22,0,0,0,0,0,0,0,0,1,1
RCBvsRR_image_39.jpg,Train,1,25,0,0,0,0,0,0,0,0,1,0
LSGvsSRH_image_40.jpg,Train,1,13,0,0,0,0,1,0,0,0,0,0
LSGvsMI_image_84.jpg,Train,1,6,0,0,0,0,1,0,0,0,0,0
SRHvsMI_image_52.jpg,Train,1,10,0,0,0,0,0,1,0,0,0,0
GTvsMI_image_272.jpg,Train,1,7,0,0,1,0,0,0,0,0,0,0
SRHvsMI_image_128.jpg,Train,1,8,0,0,0,0,0,1,0,0,0,0
PBKSvsCSK_image_154.jpg,Train,3,8,1,0,0,0,0,1,1,0,0,0
PBKSvsCSK_image_218.jpg,Train,2,6,0,0,0,0,0,0,1,0,1,0
PBKSvsCSK_image_229.jpg,Train,1,8,0,0,0,0,0,0,1,0,0,0
MIvsCSK_image_284.jpg,Train,2,8,2,0,0,0,0,0,0,0,0,0
PBKSvsCSK_image_249.jpg,Train,1,10,0,0,0,0,0,0,1,0,0,0
RCBvsPBKS_image_4.jpg,Train,1,4,0,0,0,0,0,0,0,0,1,0
RRvsMI_image_95.jpg,Train,2,14,0,0,0,0,0,0,0,2,0,0
KKRvsRCB_image_97.jpg,Train,3,5,0,0,0,1,0,0,0,0,2,0
KKRvsRR_image_52.jpg,Train,1,6,0,0,0,1,0,0,0,0,0,0
KKRvsRR_image_27.jpg,Train,1,6,0,0,0,1,0,0,0,0,0,0
KKRvsLSG_image_92.jpg,Train,2,16,0,0,0,1,1,0,0,0,0,0
RCBvsPBKS_image_94.jpg,Train,2,11,0,0,0,0,0,0,1,0,1,0
SRHvsMI_image_251.jpg,Train,1,34,0,0,0,0,0,1,0,0,0,0
KKRvsLSG_image_39.jpg,Train,1,5,0,0,0,0,1,0,0,0,0,0
GTvsPBKS_image_2.jpg,Train,3,11,0,0,2,0,0,0,1,0,0,0
SRHvsDC_image_125.jpg,Train,0,0,0,0,0,0,0,0,0,0,0,0
MIvsRCB_image_153.jpg,Train,1,6,0,0,0,0,0,0,0,0,1,0
GTvsMI_image_91.jpg,Train,1,4,0,0,0,0,0,1,0,0,0,0
KKRvsSRH_image_175.jpg,Train,1,17,0,0,0,1,0,0,0,0,0,0
RCBvsDC_image_55.jpg,Train,1,9,0,0,0,0,0,0,0,0,1,0
SRHvsMI_image_211.jpg,Train,2,25,0,0,0,0,0,1,0,0,0,1
KKRvsPBKS_image_74.jpg,Train,2,10,0,0,0,1,0,0,1,0,0,0
KKRvsPBKS_image_109.jpg,Train,2,9,0,0,0,1,0,0,1,0,0,0
RCBvsSRH_image_90.jpg,Train,1,14,0,0,0,0,0,0,0,0,0,1
LSGvsMI_image_139.jpg,Train,2,3,0,0,0,0,0,2,0,0,0,0
KKRvsLSG_image_6.jpg,Train,3,15,0,0,0,1,2,0,0,0,0,0
KKRvsCSK_image_11.jpg,Train,1,9,0,0,0,1,0,0,0,0,0,0
KKRvsCSK_image_133.jpg,Train,1,12,0,0,0,1,0,0,0,0,0,0
PBKSvsCSK_image_171.jpg,Train,1,8,1,0,0,0,0,0,0,0,0,0
PBKSvsCSK_image_119.jpg,Train,1,10,1,0,0,0,0,0,0,0,0,0
RCBvsCSK_image_163.jpg,Train,1,4,0,0,0,0,0,0,0,0,1,0
MIvsRCB_image_16.jpg,Train,2,10,0,0,0,0,0,2,0,0,0,0
SRHvsPBKS_image_35.jpg,Train,1,2,0,0,0,0,0,0,1,0,0,0
LSGvsMI_image_151.jpg,Train,1,5,0,0,0,0,1,0,0,0,0,0
PBKSvsCSK_image_139.jpg,Train,1,4,0,0,0,0,0,0,1,0,0,0
KKRvsRCB_image_3.jpg,Train,1,3,0,0,0,0,0,0,0,0,1,0
PBKSvsDC_image_82.jpg,Train,1,8,0,1,0,0,0,0,0,0,0,0
RRvsMI_image_86.jpg,Train,2,25,0,0,0,0,0,1,0,1,0,0
RCBvsRR_image_104.jpg,Train,1,12,0,0,0,0,0,0,0,0,1,0
RCBvsRR_image_124.jpg,Train,4,25,0,0,0,0,0,0,0,2,2,0
KKRvsGT_image_197.jpg,Train,2,19,0,0,1,1,0,0,0,0,0,0
RCBvsPBKS_image_49.jpg,Train,1,15,0,0,0,0,0,0,0,0,1,0
SRHvsDC_image_54.jpg,Train,2,12,0,1,0,0,0,0,0,0,0,1
SRHvsMI_image_224.jpg,Train,1,18,0,0,0,0,0,1,0,0,0,0
PBKSvsCSK_image_254.jpg,Train,2,26,2,0,0,0,0,0,0,0,0,0
KKRvsLSG_image_62.jpg,Train,1,5,0,0,0,0,1,0,0,0,0,0
GTvsRR_image_182.jpg,Train,2,8,0,0,0,0,0,0,0,2,0,0
RCBvsCSK_image_26.jpg,Train,1,6,0,0,0,0,0,0,0,0,1,0
MIvsDC_image_123.jpg,Train,2,8,0,2,0,0,0,0,0,0,0,0
KKRvsGT_image_5.jpg,Train,2,9,0,0,1,1,0,0,0,0,0,0
KKRvsPBKS_image_142.jpg,Train,2,5,0,0,0,1,0,0,1,0,0,0
KKRvsCSK_image_116.jpg,Train,1,6,1,0,0,0,0,0,0,0,0,0
SRHvsDC_image_80.jpg,Train,3,8,0,3,0,0,0,0,0,0,0,0
RCBvsPBKS_image_83.jpg,Train,2,10,0,0,0,0,0,0,2,0,0,0
RCBvsDC_image_173.jpg,Train,4,15,0,1,0,0,0,0,0,0,3,0
RCBvsCSK_image_95.jpg,Train,1,12,1,0,0,0,0,0,0,0,0,0
PBKSvsMI_image_24.jpg,Train,1,8,0,0,0,0,0,0,1,0,0,0
KKRvsPBKS_image_15.jpg,Train,1,3,0,0,0,1,0,0,0,0,0,0
RRvsMI_image_57.jpg,Train,1,4,0,0,0,0,0,0,0,1,0,0
SRHvsDC_image_102.jpg,Train,1,8,0,0,0,0,0,0,0,0,0,1
MIvsRCB_image_154.jpg,Train,1,32,0,0,0,0,0,0,0,0,1,0
RCBvsSRH_image_72.jpg,Train,1,3,0,0,0,0,0,0,0,0,1,0
MIvsDC_image_56.jpg,Train,1,3,0,1,0,0,0,0,0,0,0,0
LSGvsSRH_image_337.jpg,Train,1,6,0,0,0,0,0,0,0,0,0,1
RRvsLSG_image_105.jpg,Train,1,2,0,0,0,0,0,0,0,1,0,0
LSGvsCSK_image_97.jpg,Train,1,4,0,0,0,0,1,0,0,0,0,0
RCBvsPBKS_image_173.jpg,Train,2,16,0,0,0,0,0,0,1,0,1,0
PBKSvsMI_image_30.jpg,Train,1,6,0,0,0,0,0,1,0,0,0,0
MIvsKKR_image_56.jpg,Train,1,17,0,0,0,0,0,1,0,0,0,0
RRvsLSG_image_64.jpg,Train,2,13,0,0,0,0,1,0,0,1,0,0
KKRvsRCB_image_79.jpg,Train,2,6,0,0,0,1,0,0,0,0,1,0
RCBvsPBKS_image_220.jpg,Train,1,7,0,0,0,0,0,0,0,0,1,0
MIvsDC_image_109.jpg,Train,2,5,0,0,0,0,0,2,0,0,0,0
GTvsSRH_image_32.jpg,Train,1,12,0,0,0,0,0,0,0,0,0,1
SRHvsRR_image_4.jpg,Train,1,6,0,0,0,0,0,0,0,0,0,1
PBKSvsCSK_image_292.jpg,Train,1,19,1,0,0,0,0,0,0,0,0,0
SRHvsRR_image_104.jpg,Train,1,7,0,0,0,0,0,0,0,1,0,0
KKRvsCSK_image_156.jpg,Train,1,8,1,0,0,0,0,0,0,0,0,0
LSGvsMI_image_102.jpg,Train,1,5,0,0,0,0,0,1,0,0,0,0
KKRvsSRH_image_222.jpg,Train,2,17,0,0,0,1,0,0,0,0,0,1
SRHvsDC_image_118.jpg,Train,1,1,0,0,0,0,0,0,0,0,0,1
KKRvsLSG_image_79.jpg,Train,2,9,0,0,0,1,1,0,0,0,0,0
RRvsLSG_image_67.jpg,Train,2,21,0,0,0,0,1,0,0,1,0,0
KKRvsSRH_image_115.jpg,Train,2,24,0,0,0,1,0,0,0,0,0,1
KKRvsLSG_image_37.jpg,Train,1,10,0,0,0,0,1,0,0,0,0,0
RRvsLSG_image_98.jpg,Train,1,5,0,0,0,0,1,0,0,0,0,0
RCBvsGT_image_101.jpg,Train,1,4,0,0,1,0,0,0,0,0,0,0
LSGvsCSK_image_50.jpg,Train,2,11,2,0,0,0,0,0,0,0,0,0
MIvsCSK_image_256.jpg,Train,2,4,0,0,0,0,0,2,0,0,0,0
SRHvsMI_image_196.jpg,Train,2,34,0,0,0,0,0,2,0,0,0,0
GTvsMI_image_119.jpg,Train,2,9,0,0,1,0,0,1,0,0,0,0
RCBvsSRH_image_68.jpg,Train,1,13,0,0,0,0,0,0,0,0,1,0
KKRvsRR_image_59.jpg,Train,2,7,0,0,0,1,0,0,0,1,0,0
SRHvsMI_image_69.jpg,Train,2,8,0,0,0,0,0,2,0,0,0,0
KKRvsPBKS_image_8.jpg,Train,3,9,0,0,0,0,0,0,3,0,0,0
RRvsLSG_image_52.jpg,Train,1,4,0,0,0,0,0,0,0,1,0,0
SRHvsMI_image_61.jpg,Train,3,13,0,0,0,0,0,2,0,0,0,1
KKRvsSRH_image_201.jpg,Train,2,12,0,0,0,1,0,0,0,0,0,1
LSGvsRCB_image_227.jpg,Train,1,3,0,0,0,0,0,0,0,0,1,0
KKRvsSRH_image_252.jpg,Train,1,10,0,0,0,1,0,0,0,0,0,0
RRvsMI_image_106.jpg,Train,1,20,0,0,0,0,0,1,0,0,0,0
MIvsRCB_image_122.jpg,Train,2,5,0,0,0,0,0,1,0,0,1,0
RCBvsGT_image_81.jpg,Train,1,5,0,0,0,0,0,0,0,0,1,0
KKRvsPBKS_image_205.jpg,Train,2,13,0,0,0,1,0,0,1,0,0,0
PBKSvsCSK_image_6.jpg,Train,2,13,1,0,0,0,0,0,1,0,0,0
SRHvsPBKS_image_73.jpg,Train,2,16,0,0,0,0,0,0,0,0,0,2
SRHvsPBKS_image_40.jpg,Train,3,9,0,0,0,0,0,0,2,0,0,1
RCBvsSRH_image_4.jpg,Train,1,18,0,0,0,0,0,0,0,0,0,1
SRHvsPBKS_image_146.jpg,Train,1,2,0,0,0,0,0,0,0,0,0,1
MIvsKKR_image_32.jpg,Train,1,7,0,0,0,1,0,0,0,0,0,0
RCBvsSRH_image_77.jpg,Train,1,2,0,0,0,0,0,0,0,0,1,0
GTvsPBKS_image_65.jpg,Train,1,4,0,0,1,0,0,0,0,0,0,0
KKRvsRR_image_73.jpg,Train,2,17,0,0,0,1,0,0,0,1,0,0
LSGvsSRH_image_56.jpg,Train,1,7,0,0,0,0,1,0,0,0,0,0
RRvsLSG_image_63.jpg,Train,1,3,0,0,0,0,0,0,0,1,0,0
KKRvsRCB_image_68.jpg,Train,1,6,0,0,0,1,0,0,0,0,0,0
KKRvsRCB_image_111.jpg,Train,1,3,0,0,0,0,0,0,0,0,1,0
SRHvsRR_image_14.jpg,Train,2,35,0,0,0,0,0,0,0,2,0,0
RRvsMI_image_34.jpg,Train,1,5,0,0,0,0,0,1,0,0,0,0
MIvsCSK_image_308.jpg,Train,3,3,1,0,0,0,0,2,0,0,0,0
PBKSvsCSK_image_72.jpg,Train,2,11,1,0,0,0,0,0,1,0,0,0
RCBvsRR_image_225.jpg,Train,2,14,0,0,0,0,0,0,0,2,0,0
SRHvsPBKS_image_39.jpg,Train,1,12,0,0,0,0,0,0,0,0,0,1
KKRvsPBKS_image_53.jpg,Train,3,5,0,0,0,0,0,0,3,0,0,0
GTvsSRH_image_187.jpg,Train,2,9,0,0,0,0,0,0,0,0,0,2
PBKSvsCSK_image_177.jpg,Train,1,11,1,0,0,0,0,0,0,0,0,0
RCBvsCSK_image_36.jpg,Train,3,19,2,0,0,0,0,0,0,0,1,0
LSGvsMI_image_18.jpg,Train,1,8,0,0,0,0,1,0,0,0,0,0
SRHvsMI_image_254.jpg,Train,1,36,0,0,0,0,0,0,0,0,0,1
RCBvsRR_image_13.jpg,Train,2,13,0,0,0,0,0,0,0,2,0,0
MIvsRCB_image_118.jpg,Train,1,9,0,0,0,0,0,0,0,0,1,0
LSGvsMI_image_9.jpg,Train,1,6,0,0,0,0,0,1,0,0,0,0
LSGvsSRH_image_26.jpg,Train,1,5,0,0,0,0,0,0,0,0,0,1
MIvsDC_image_8.jpg,Train,1,25,0,1,0,0,0,0,0,0,0,0
KKRvsSRH_image_280.jpg,Train,1,12,0,0,0,1,0,0,0,0,0,0
LSGvsRCB_image_80.jpg,Train,1,8,0,0,0,0,0,0,0,0,1,0
KKRvsGT_image_3.jpg,Train,2,8,0,0,1,1,0,0,0,0,0,0
GTvsMI_image_130.jpg,Train,1,10,0,0,1,0,0,0,0,0,0,0
KKRvsSRH_image_103.jpg,Train,1,9,0,0,0,1,0,0,0,0,0,0
SRHvsMI_image_81.jpg,Train,1,14,0,0,0,0,0,1,0,0,0,0
KKRvsSRH_image_37.jpg,Train,1,9,0,0,0,1,0,0,0,0,0,0
GTvsMI_image_71.jpg,Train,1,6,0,0,0,0,0,1,0,0,0,0
KKRvsSRH_image_257.jpg,Train,1,40,0,0,0,0,0,0,0,0,0,1
LSGvsSRH_image_97.jpg,Train,1,9,0,0,0,0,1,0,0,0,0,0
SRHvsDC_image_175.jpg,Train,2,9,0,1,0,0,0,0,0,0,0,1
SRHvsDC_image_147.jpg,Train,1,4,0,0,0,0,0,0,0,0,0,1
SRHvsMI_image_130.jpg,Train,1,10,0,0,0,0,0,1,0,0,0,0
KKRvsSRH_image_194.jpg,Train,2,5,0,0,0,0,0,0,0,0,0,2
KKRvsSRH_image_84.jpg,Train,2,22,0,0,0,1,0,0,0,0,0,1
RRvsLSG_image_108.jpg,Train,2,5,0,0,0,0,1,0,0,1,0,0
MIvsCSK_image_113.jpg,Train,2,10,0,0,0,0,0,2,0,0,0,0
SRHvsPBKS_image_87.jpg,Train,2,7,0,0,0,0,0,0,1,0,0,1
SRHvsMI_image_49.jpg,Train,1,13,0,0,0,0,0,0,0,0,0,1
RCBvsGT_image_71.jpg,Train,2,7,0,0,0,0,0,0,0,0,2,0
GTvsLSG_image_320.jpg,Train,2,7,0,0,2,0,0,0,0,0,0,0
MIvsRCB_image_143.jpg,Train,1,9,0,0,0,0,0,0,0,0,1,0
GTvsPBKS_image_101.jpg,Train,2,5,0,0,2,0,0,0,0,0,0,0
SRHvsMI_image_160.jpg,Train,1,10,0,0,0,0,0,0,0,0,0,1
SRHvsPBKS_image_47.jpg,Train,5,8,0,0,0,0,0,0,4,0,1,0
SRHvsPBKS_image_83.jpg,Train,3,26,0,0,0,0,0,0,1,0,0,2
RRvsMI_image_17.jpg,Train,3,21,0,0,0,0,0,1,0,2,0,0
RCBvsGT_image_19.jpg,Train,1,35,0,0,1,0,0,0,0,0,0,0
KKRvsSRH_image_139.jpg,Train,1,9,0,0,0,0,0,0,0,0,0,1
KKRvsSRH_image_31.jpg,Train,1,13,0,0,0,1,0,0,0,0,0,0
SRHvsMI_image_134.jpg,Train,1,10,0,0,0,0,0,1,0,0,0,0
KKRvsSRH_image_193.jpg,Train,2,15,0,0,0,1,0,0,0,0,0,1
PBKSvsCSK_image_126.jpg,Train,1,8,1,0,0,0,0,0,0,0,0,0
KKRvsRCB_image_65.jpg,Train,1,1,0,0,0,1,0,0,0,0,0,0
RRvsCSK_image_131.jpg,Train,2,9,1,0,0,0,0,0,0,1,0,0
RCBvsPBKS_image_180.jpg,Train,2,17,0,0,0,0,0,0,1,0,1,0
RCBvsGT_image_128.jpg,Train,1,6,0,0,1,0,0,0,0,0,0,0
SRHvsMI_image_195.jpg,Train,1,12,0,0,0,0,0,1,0,0,0,0
GTvsPBKS_image_73.jpg,Train,1,2,0,0,1,0,0,0,0,0,0,0
SRHvsDC_image_135.jpg,Train,2,4,0,2,0,0,0,0,0,0,0,0
KKRvsRCB_image_18.jpg,Train,2,17,0,0,0,1,0,0,0,0,1,0
KKRvsPBKS_image_132.jpg,Train,1,11,0,0,0,1,0,0,0,0,0,0
KKRvsPBKS_image_59.jpg,Train,1,2,0,0,0,1,0,0,0,0,0,0
PBKSvsDC_image_1.jpg,Train,1,18,0,0,0,0,0,0,1,0,0,0
LSGvsMI_image_200.jpg,Train,1,3,0,0,0,0,1,0,0,0,0,0
GTvsRR_image_109.jpg,Train,2,16,0,0,0,0,0,0,0,2,0,0
PBKSvsCSK_image_233.jpg,Train,1,4,0,0,0,0,0,0,1,0,0,0
KKRvsRCB_image_58.jpg,Train,2,13,0,0,0,1,0,0,0,0,1,0
KKRvsPBKS_image_115.jpg,Train,1,6,0,0,0,1,0,0,0,0,0,0
RCBvsGT_image_47.jpg,Train,2,15,0,0,1,0,0,0,0,0,1,0
SRHvsMI_image_53.jpg,Train,2,24,0,0,0,0,0,1,0,0,0,1
LSGvsCSK_image_34.jpg,Train,3,12,0,0,0,0,3,0,0,0,0,0
KKRvsPBKS_image_152.jpg,Train,3,11,0,0,0,1,0,0,2,0,0,0
SRHvsMI_image_7.jpg,Train,1,13,0,0,0,0,0,1,0,0,0,0
RCBvsDC_image_257.jpg,Train,3,9,0,0,0,0,0,0,0,0,3,0
PBKSvsCSK_image_100.jpg,Train,1,7,0,0,0,0,0,0,1,0,0,0
PBKSvsMI_image_117.jpg,Train,1,4,0,0,0,0,0,0,1,0,0,0
MIvsKKR_image_20.jpg,Train,3,19,0,0,0,0,0,3,0,0,0,0
RCBvsGT_image_23.jpg,Train,1,6,0,0,0,0,0,0,0,0,1,0
MIvsCSK_image_12.jpg,Train,0,0,0,0,0,0,0,0,0,0,0,0
PBKSvsMI_image_92.jpg,Train,1,5,0,0,0,0,0,0,1,0,0,0
KKRvsSRH_image_229.jpg,Train,1,14,0,0,0,1,0,0,0,0,0,0
GTvsLSG_image_51.jpg,Train,1,5,0,0,1,0,0,0,0,0,0,0
KKRvsGT_image_30.jpg,Train,1,3,0,0,1,0,0,0,0,0,0,0
KKRvsSRH_image_181.jpg,Train,2,19,0,0,0,1,0,0,0,0,0,1
RCBvsRR_image_41.jpg,Train,1,12,0,0,0,0,0,0,0,1,0,0
RCBvsPBKS_image_56.jpg,Train,1,14,0,0,0,0,0,0,1,0,0,0
RCBvsPBKS_image_136.jpg,Train,1,15,0,0,0,0,0,0,1,0,0,0
RCBvsRR_image_108.jpg,Train,1,9,0,0,0,0,0,0,0,0,1,0
GTvsSRH_image_92.jpg,Train,2,10,0,0,0,0,0,1,0,0,0,1
SRHvsDC_image_83.jpg,Train,1,5,0,1,0,0,0,0,0,0,0,0
LSGvsSRH_image_312.jpg,Train,1,8,0,0,0,0,1,0,0,0,0,0
GTvsLSG_image_323.jpg,Train,1,2,0,0,1,0,0,0,0,0,0,0
MIvsKKR_image_48.jpg,Train,1,18,0,0,0,0,0,1,0,0,0,0
KKRvsLSG_image_128.jpg,Train,1,3,0,0,0,1,0,0,0,0,0,0
KKRvsRCB_image_42.jpg,Train,1,7,0,0,0,1,0,0,0,0,0,0
RCBvsGT_image_70.jpg,Train,1,11,0,0,0,0,0,0,0,0,1,0
RCBvsGT_image_7.jpg,Train,1,7,0,0,0,0,0,0,0,0,1,0
PBKSvsCSK_image_7.jpg,Train,2,14,1,0,0,0,0,0,1,0,0,0
KKRvsRR_image_13.jpg,Train,2,7,0,0,0,1,0,0,0,1,0,0
RCBvsPBKS_image_2.jpg,Train,2,4,0,0,0,0,0,0,2,0,0,0
SRHvsPBKS_image_67.jpg,Train,1,5,0,0,0,0,0,0,1,0,0,0
MIvsDC_image_308.jpg,Train,2,9,0,0,0,0,0,2,0,0,0,0
SRHvsMI_image_50.jpg,Train,2,14,0,0,0,0,0,1,0,0,0,1
SRHvsRR_image_122.jpg,Train,1,11,0,0,0,0,0,0,0,0,0,1
PBKSvsCSK_image_67.jpg,Train,1,8,0,0,0,0,0,0,1,0,0,0
KKRvsPBKS_image_37.jpg,Train,1,8,0,0,0,0,0,0,1,0,0,0
SRHvsDC_image_114.jpg,Train,1,1,0,1,0,0,0,0,0,0,0,0
KKRvsCSK_image_129.jpg,Train,2,6,2,0,0,0,0,0,0,0,0,0
SRHvsRR_image_161.jpg,Train,3,19,0,0,0,0,0,0,0,2,0,1
SRHvsRR_image_62.jpg,Train,1,7,0,0,0,0,0,0,0,0,0,1
LSGvsSRH_image_335.jpg,Train,2,13,0,0,0,0,1,0,0,0,0,1
KKRvsLSG_image_13.jpg,Train,1,6,0,0,0,1,0,0,0,0,0,0
RCBvsSRH_image_81.jpg,Train,1,14,0,0,0,0,0,0,0,0,0,1
SRHvsMI_image_37.jpg,Train,2,28,0,0,0,0,0,1,0,0,0,1
KKRvsSRH_image_62.jpg,Train,2,22,0,0,0,1,0,0,0,0,0,1
KKRvsCSK_image_154.jpg,Train,1,8,1,0,0,0,0,0,0,0,0,0
SRHvsDC_image_156.jpg,Train,2,21,0,2,0,0,0,0,0,0,0,0
RCBvsCSK_image_117.jpg,Train,2,7,1,0,0,0,0,0,0,0,1,0
SRHvsDC_image_140.jpg,Train,3,21,0,2,0,0,0,0,1,0,0,0
KKRvsRR_image_219.jpg,Train,1,8,0,0,0,0,0,0,0,1,0,0
RCBvsPBKS_image_73.jpg,Train,3,23,0,0,0,0,0,0,2,0,1,0
RRvsMI_image_101.jpg,Train,4,16,0,0,0,0,0,2,0,2,0,0
RRvsMI_image_112.jpg,Train,1,31,0,0,0,0,0,0,0,1,0,0
KKRvsSRH_image_240.jpg,Train,2,15,0,0,0,0,0,0,0,0,0,2
PBKSvsMI_image_88.jpg,Train,1,4,0,0,0,0,0,1,0,0,0,0
GTvsSRH_image_233.jpg,Train,4,17,0,0,0,0,0,0,0,0,0,4
KKRvsPBKS_image_126.jpg,Train,3,7,0,0,0,0,0,0,3,0,0,0
PBKSvsCSK_image_210.jpg,Train,1,8,1,0,0,0,0,0,0,0,0,0
RCBvsCSK_image_207.jpg,Train,2,8,1,0,0,0,0,0,0,0,1,0
PBKSvsCSK_image_173.jpg,Train,1,6,1,0,0,0,0,0,0,0,0,0
SRHvsDC_image_170.jpg,Train,2,27,0,1,0,0,0,0,0,0,0,1
KKRvsSRH_image_263.jpg,Train,1,15,0,0,0,1,0,0,0,0,0,0
SRHvsDC_image_123.jpg,Train,0,0,0,0,0,0,0,0,0,0,0,0
SRHvsMI_image_86.jpg,Train,2,7,0,0,0,0,0,1,0,0,0,1
KKRvsCSK_image_33.jpg,Train,1,9,1,0,0,0,0,0,0,0,0,0
SRHvsMI_image_40.jpg,Train,1,19,0,0,0,0,0,1,0,0,0,0
LSGvsMI_image_118.jpg,Train,1,5,0,0,0,0,1,0,0,0,0,0
SRHvsPBKS_image_120.jpg,Train,0,0,0,0,0,0,0,0,0,0,0,0
RCBvsRR_image_301.jpg,Train,3,18,0,0,0,0,0,0,0,1,2,0
LSGvsRCB_image_203.jpg,Train,1,5,0,0,0,0,0,0,0,0,1,0
SRHvsRR_image_105.jpg,Train,1,34,0,0,0,0,0,0,0,1,0,0
PBKSvsDC_image_30.jpg,Train,2,8,0,1,0,0,0,0,1,0,0,0
GTvsMI_image_229.jpg,Train,1,2,0,0,1,0,0,0,0,0,0,0
MIvsRCB_image_142.jpg,Train,1,6,0,0,0,0,0,0,0,0,1,0
LSGvsCSK_image_27.jpg,Train,2,8,2,0,0,0,0,0,0,0,0,0
KKRvsCSK_image_235.jpg,Train,1,10,1,0,0,0,0,0,0,0,0,0
GTvsPBKS_image_86.jpg,Train,2,11,0,0,2,0,0,0,0,0,0,0
SRHvsPBKS_image_89.jpg,Train,1,18,0,0,0,0,0,0,0,0,0,1
KKRvsSRH_image_271.jpg,Train,1,20,0,0,0,0,0,0,0,0,0,1
RRvsLSG_image_96.jpg,Train,1,2,0,0,0,0,1,0,0,0,0,0
MIvsCSK_image_135.jpg,Train,0,0,0,0,0,0,0,0,0,0,0,0
PBKSvsMI_image_16.jpg,Train,1,6,0,0,0,0,0,1,0,0,0,0
MIvsRCB_image_119.jpg,Train,2,15,0,0,0,0,0,1,0,0,1,0
PBKSvsCSK_image_151.jpg,Train,1,4,1,0,0,0,0,0,0,0,0,0
RRvsLSG_image_73.jpg,Train,1,3,0,0,0,0,1,0,0,0,0,0
RRvsCSK_image_54.jpg,Train,2,8,1,0,0,0,0,0,0,1,0,0
KKRvsRR_image_101.jpg,Train,2,8,0,0,0,1,0,0,0,1,0,0
SRHvsDC_image_165.jpg,Train,2,8,0,1,0,0,0,0,0,0,0,1
SRHvsDC_image_97.jpg,Train,1,6,0,1,0,0,0,0,0,0,0,0
KKRvsPBKS_image_62.jpg,Train,1,2,0,0,0,0,0,0,1,0,0,0
KKRvsRCB_image_25.jpg,Train,1,3,0,0,0,1,0,0,0,0,0,0
SRHvsDC_image_137.jpg,Train,2,6,0,0,0,0,0,0,0,0,0,2
RCBvsPBKS_image_90.jpg,Train,1,13,0,0,0,0,0,0,1,0,0,0
RCBvsGT_image_135.jpg,Train,2,9,0,0,0,0,0,0,0,0,2,0
LSGvsRCB_image_216.jpg,Train,2,3,0,0,0,0,0,0,0,0,2,0
SRHvsDC_image_174.jpg,Train,2,8,0,1,0,0,0,0,0,0,0,1
RCBvsRR_image_46.jpg,Train,2,16,0,0,0,0,0,0,0,2,0,0
LSGvsMI_image_72.jpg,Train,1,6,0,0,0,0,1,0,0,0,0,0
SRHvsMI_image_219.jpg,Train,3,18,0,0,0,0,0,2,0,0,0,1
SRHvsPBKS_image_22.jpg,Train,1,13,0,0,0,0,0,0,0,0,0,1
SRHvsDC_image_33.jpg,Train,2,8,0,0,0,0,0,0,0,0,0,2
RCBvsGT_image_31.jpg,Train,1,6,0,0,1,0,0,0,0,0,0,0
PBKSvsCSK_image_130.jpg,Train,2,20,1,0,0,0,0,0,1,0,0,0
MIvsCSK_image_199.jpg,Train,2,6,0,0,0,0,0,2,0,0,0,0
KKRvsPBKS_image_207.jpg,Train,1,22,0,0,0,0,0,0,1,0,0,0
KKRvsPBKS_image_167.jpg,Train,2,5,0,0,0,0,0,0,2,0,0,0
PBKSvsCSK_image_184.jpg,Train,3,20,2,0,0,0,0,0,1,0,0,0
SRHvsPBKS_image_8.jpg,Train,1,10,0,0,0,0,0,0,0,0,0,1
SRHvsMI_image_238.jpg,Train,1,35,0,0,0,0,0,1,0,0,0,0
KKRvsSRH_image_122.jpg,Train,2,14,0,0,0,1,0,0,0,0,0,1
PBKSvsCSK_image_221.jpg,Train,1,25,0,0,0,0,0,0,1,0,0,0
GTvsLSG_image_48.jpg,Train,1,11,0,0,0,0,1,0,0,0,0,0
KKRvsCSK_image_118.jpg,Train,2,12,1,0,0,1,0,0,0,0,0,0
KKRvsSRH_image_169.jpg,Train,1,9,0,0,0,0,0,0,0,0,0,1
SRHvsMI_image_237.jpg,Train,4,17,0,0,0,0,0,2,0,0,0,2
MIvsDC_image_122.jpg,Train,2,13,0,0,0,0,0,2,0,0,0,0
LSGvsRCB_image_35.jpg,Train,1,3,0,0,0,0,1,0,0,0,0,0
KKRvsCSK_image_153.jpg,Train,2,34,1,0,0,1,0,0,0,0,0,0
KKRvsCSK_image_40.jpg,Train,2,10,1,0,0,1,0,0,0,0,0,0
MIvsRCB_image_144.jpg,Train,1,22,0,0,0,0,0,1,0,0,0,0
KKRvsGT_image_216.jpg,Train,1,3,0,0,0,1,0,0,0,0,0,0
RCBvsRR_image_83.jpg,Train,1,10,0,0,0,0,0,0,0,0,1,0
KKRvsLSG_image_40.jpg,Train,1,11,0,0,0,0,1,0,0,0,0,0
SRHvsMI_image_34.jpg,Train,1,14,0,0,0,0,0,0,0,0,0,1
KKRvsGT_image_214.jpg,Train,1,10,0,0,0,1,0,0,0,0,0,0
LSGvsSRH_image_322.jpg,Train,1,13,0,0,0,0,1,0,0,0,0,0
MIvsCSK_image_242.jpg,Train,1,1,0,0,0,0,0,0,0,0,0,1
SRHvsDC_image_179.jpg,Train,1,26,0,1,0,0,0,0,0,0,0,0
GTvsSRH_image_75.jpg,Train,2,14,0,0,2,0,0,0,0,0,0,0
MIvsKKR_image_18.jpg,Train,1,6,0,0,0,0,0,1,0,0,0,0
KKRvsRCB_image_22.jpg,Train,1,4,0,0,0,0,0,0,0,0,1,0
KKRvsRR_image_151.jpg,Train,2,7,0,0,0,1,0,0,0,1,0,0
GTvsRR_image_94.jpg,Train,1,8,0,0,1,0,0,0,0,0,0,0
LSGvsSRH_image_257.jpg,Train,1,10,0,0,0,0,1,0,0,0,0,0
LSGvsRCB_image_37.jpg,Train,1,10,0,0,0,0,0,0,0,0,1,0
RCBvsDC_image_234.jpg,Train,1,14,0,0,0,0,0,0,0,0,1,0
LSGvsMI_image_77.jpg,Train,1,6,0,0,0,0,1,0,0,0,0,0
KKRvsCSK_image_248.jpg,Train,1,7,0,0,0,1,0,0,0,0,0,0
KKRvsLSG_image_29.jpg,Train,2,11,0,0,0,1,1,0,0,0,0,0
KKRvsPBKS_image_107.jpg,Train,2,4,0,0,0,2,0,0,0,0,0,0
SRHvsMI_image_209.jpg,Train,1,8,0,0,0,0,0,0,0,0,0,1
SRHvsRR_image_11.jpg,Train,2,12,0,0,0,0,0,0,0,1,0,1
RCBvsGT_image_17.jpg,Train,3,10,0,0,2,0,0,0,0,0,1,0
RCBvsPBKS_image_40.jpg,Train,1,25,0,0,0,0,0,0,1,0,0,0
SRHvsDC_image_185.jpg,Train,0,0,0,0,0,0,0,0,0,0,0,0
KKRvsLSG_image_12.jpg,Train,1,8,0,0,0,0,1,0,0,0,0,0
GTvsPBKS_image_23.jpg,Train,1,6,0,0,1,0,0,0,0,0,0,0
MIvsRCB_image_106.jpg,Train,2,7,0,0,0,0,0,1,0,0,1,0
GTvsMI_image_225.jpg,Train,2,10,0,0,0,0,0,2,0,0,0,0
KKRvsRCB_image_121.jpg,Train,1,3,0,0,0,0,0,0,0,0,1,0
MIvsDC_image_255.jpg,Train,0,0,0,0,0,0,0,0,0,0,0,0
KKRvsRR_image_106.jpg,Train,3,6,0,0,0,2,0,0,0,1,0,0
RCBvsRR_image_50.jpg,Train,2,18,0,0,0,0,0,0,0,1,1,0
GTvsPBKS_image_100.jpg,Train,3,6,0,0,1,0,0,0,2,0,0,0
KKRvsLSG_image_81.jpg,Train,1,17,0,0,0,1,0,0,0,0,0,0
MIvsCSK_image_33.jpg,Train,1,2,0,0,0,0,0,1,0,0,0,0
SRHvsPBKS_image_94.jpg,Train,1,5,0,0,0,0,0,0,1,0,0,0
SRHvsRR_image_106.jpg,Train,1,5,0,0,0,0,0,0,0,1,0,0
SRHvsMI_image_66.jpg,Train,1,10,0,0,0,0,0,0,0,0,0,1
SRHvsDC_image_86.jpg,Train,1,8,0,1,0,0,0,0,0,0,0,0
LSGvsSRH_image_246.jpg,Train,1,8,0,0,0,0,1,0,0,0,0,0
KKRvsLSG_image_96.jpg,Train,1,4,0,0,0,1,0,0,0,0,0,0
SRHvsPBKS_image_17.jpg,Train,2,14,0,0,0,0,0,0,1,0,0,1
KKRvsPBKS_image_42.jpg,Train,4,5,0,0,0,4,0,0,0,0,0,0
KKRvsGT_image_0.jpg,Train,1,4,0,0,0,1,0,0,0,0,0,0
GTvsLSG_image_14.jpg,Train,1,4,0,0,0,0,1,0,0,0,0,0
GTvsRR_image_6.jpg,Train,2,15,0,0,0,0,0,0,0,2,0,0
GTvsPBKS_image_74.jpg,Train,2,6,0,0,0,0,0,0,2,0,0,0
SRHvsPBKS_image_41.jpg,Train,3,3,0,0,0,0,0,1,0,0,0,2
RCBvsPBKS_image_151.jpg,Train,1,9,0,0,0,0,0,0,1,0,0,0
PBKSvsCSK_image_308.jpg,Train,1,10,1,0,0,0,0,0,0,0,0,0
KKRvsPBKS_image_78.jpg,Train,1,4,0,0,0,0,0,0,1,0,0,0
RRvsMI_image_50.jpg,Train,1,12,0,0,0,0,0,1,0,0,0,0
MIvsKKR_image_25.jpg,Train,1,7,0,0,0,0,0,1,0,0,0,0
RCBvsSRH_image_60.jpg,Train,1,6,0,0,0,0,0,0,0,0,0,1
MIvsRCB_image_101.jpg,Train,1,8,0,0,0,0,0,0,0,0,1,0
GTvsRR_image_37.jpg,Train,1,12,0,0,0,0,0,0,0,1,0,0
SRHvsPBKS_image_111.jpg,Train,1,5,0,0,0,0,0,0,0,0,0,1
MIvsCSK_image_79.jpg,Train,0,0,0,0,0,0,0,0,0,0,0,0
KKRvsPBKS_image_75.jpg,Train,2,10,0,0,0,1,0,0,1,0,0,0
KKRvsLSG_image_93.jpg,Train,1,7,0,0,0,1,0,0,0,0,0,0
RCBvsCSK_image_18.jpg,Train,1,4,1,0,0,0,0,0,0,0,0,0
RRvsMI_image_44.jpg,Train,2,15,0,0,0,0,0,2,0,0,0,0
GTvsPBKS_image_16.jpg,Train,1,3,0,0,0,0,0,0,1,0,0,0
KKRvsGT_image_145.jpg,Train,2,19,0,0,1,1,0,0,0,0,0,0
KKRvsCSK_image_143.jpg,Train,1,5,0,0,0,1,0,0,0,0,0,0
KKRvsPBKS_image_29.jpg,Train,2,7,0,0,0,0,0,0,2,0,0,0
LSGvsRCB_image_18.jpg,Train,2,12,0,0,0,0,0,0,1,0,1,0
MIvsKKR_image_41.jpg,Train,1,8,0,0,0,0,0,1,0,0,0,0
RRvsMI_image_131.jpg,Train,1,19,0,0,0,0,0,0,0,1,0,0
RCBvsDC_image_6.jpg,Train,2,9,0,1,0,0,0,0,0,0,1,0
PBKSvsMI_image_27.jpg,Train,1,4,0,0,0,0,0,1,0,0,0,0
KKRvsSRH_image_100.jpg,Train,2,36,0,0,0,1,0,0,0,0,0,1
MIvsKKR_image_23.jpg,Train,1,5,0,0,0,0,0,1,0,0,0,0
GTvsRR_image_103.jpg,Train,3,11,0,0,2,0,0,0,0,1,0,0
PBKSvsCSK_image_160.jpg,Train,1,24,1,0,0,0,0,0,0,0,0,0
GTvsMI_image_81.jpg,Train,1,9,0,0,1,0,0,0,0,0,0,0
PBKSvsCSK_image_227.jpg,Train,1,9,0,0,0,0,0,0,1,0,0,0
LSGvsRCB_image_32.jpg,Train,1,3,0,0,0,0,1,0,0,0,0,0
KKRvsLSG_image_28.jpg,Train,2,16,0,0,0,1,1,0,0,0,0,0
LSGvsMI_image_29.jpg,Train,1,5,0,0,0,0,0,1,0,0,0,0
GTvsMI_image_206.jpg,Train,3,9,0,0,0,0,0,3,0,0,0,0
KKRvsCSK_image_48.jpg,Train,1,4,1,0,0,0,0,0,0,0,0,0
SRHvsDC_image_48.jpg,Train,1,6,0,1,0,0,0,0,0,0,0,0
SRHvsPBKS_image_136.jpg,Train,1,6,0,0,0,0,0,0,0,0,0,1
SRHvsRR_image_10.jpg,Train,2,13,0,0,0,0,0,0,0,2,0,0
KKRvsSRH_image_108.jpg,Train,1,13,0,0,0,0,0,0,0,0,0,1
LSGvsMI_image_38.jpg,Train,1,6,0,0,0,0,0,1,0,0,0,0
RCBvsRR_image_105.jpg,Train,1,10,0,0,0,0,0,0,0,1,0,0
MIvsRCB_image_117.jpg,Train,1,7,0,0,0,0,0,0,0,0,1,0
LSGvsRCB_image_8.jpg,Train,2,7,0,0,0,0,2,0,0,0,0,0
KKRvsLSG_image_132.jpg,Train,3,14,0,0,0,2,1,0,0,0,0,0
SRHvsPBKS_image_124.jpg,Train,2,6,0,0,0,0,0,0,1,0,0,1
PBKSvsCSK_image_85.jpg,Train,1,4,0,0,0,0,0,0,1,0,0,0
RRvsCSK_image_225.jpg,Train,1,3,1,0,0,0,0,0,0,0,0,0
MIvsCSK_image_237.jpg,Train,1,18,1,0,0,0,0,0,0,0,0,0
SRHvsRR_image_92.jpg,Train,2,10,0,0,0,0,0,0,0,1,0,1
RCBvsRR_image_52.jpg,Train,1,13,0,0,0,0,0,0,0,0,1,0
PBKSvsDC_image_46.jpg,Train,1,6,0,1,0,0,0,0,0,0,0,0
KKRvsCSK_image_63.jpg,Train,1,6,1,0,0,0,0,0,0,0,0,0
SRHvsDC_image_116.jpg,Train,3,23,0,1,0,0,0,0,0,0,0,2
SRHvsDC_image_40.jpg,Train,2,22,0,2,0,0,0,0,0,0,0,0
KKRvsRR_image_71.jpg,Train,1,8,0,0,0,0,0,0,0,1,0,0
KKRvsPBKS_image_51.jpg,Train,3,10,0,0,0,2,0,0,1,0,0,0
SRHvsPBKS_image_52.jpg,Train,1,17,0,0,0,0,0,0,1,0,0,0
SRHvsPBKS_image_81.jpg,Train,2,9,0,0,0,0,0,0,1,0,0,1
PBKSvsCSK_image_17.jpg,Train,1,19,1,0,0,0,0,0,0,0,0,0
LSGvsMI_image_206.jpg,Train,1,4,0,0,0,0,1,0,0,0,0,0
SRHvsRR_image_147.jpg,Train,1,18,0,0,0,0,0,0,0,1,0,0
SRHvsRR_image_113.jpg,Train,2,12,0,0,0,0,0,0,0,1,0,1
MIvsDC_image_20.jpg,Train,1,13,0,1,0,0,0,0,0,0,0,0
PBKSvsDC_image_101.jpg,Train,1,11,0,0,0,0,0,0,1,0,0,0
KKRvsSRH_image_33.jpg,Train,1,9,0,0,0,0,0,0,0,0,0,1
MIvsDC_image_328.jpg,Train,3,16,0,1,0,0,0,2,0,0,0,0
PBKSvsCSK_image_129.jpg,Train,1,23,1,0,0,0,0,0,0,0,0,0
PBKSvsMI_image_86.jpg,Train,4,8,0,0,0,0,0,4,0,0,0,0
KKRvsPBKS_image_101.jpg,Train,1,2,0,0,0,0,0,0,1,0,0,0
RCBvsPBKS_image_150.jpg,Train,1,6,0,0,0,0,0,0,1,0,0,0
PBKSvsCSK_image_99.jpg,Train,1,8,1,0,0,0,0,0,0,0,0,0
RCBvsRR_image_171.jpg,Train,2,8,0,0,0,0,0,0,0,2,0,0
MIvsKKR_image_34.jpg,Train,1,8,0,0,0,0,0,1,0,0,0,0
GTvsMI_image_264.jpg,Train,2,11,0,0,0,0,0,2,0,0,0,0
PBKSvsMI_image_32.jpg,Train,1,5,0,0,0,0,0,1,0,0,0,0
KKRvsSRH_image_72.jpg,Train,1,6,0,0,0,1,0,0,0,0,0,0
SRHvsMI_image_72.jpg,Train,1,8,0,0,0,0,0,0,0,0,0,1
PBKSvsCSK_image_28.jpg,Train,1,30,1,0,0,0,0,0,0,0,0,0
SRHvsRR_image_109.jpg,Train,1,33,0,0,0,0,0,0,0,0,0,1
LSGvsSRH_image_273.jpg,Train,1,18,0,0,0,0,1,0,0,0,0,0
PBKSvsCSK_image_97.jpg,Train,2,17,1,0,0,0,0,0,1,0,0,0
SRHvsDC_image_34.jpg,Train,2,13,0,1,0,0,0,0,0,0,0,1
RCBvsDC_image_147.jpg,Train,1,5,0,1,0,0,0,0,0,0,0,0
MIvsKKR_image_21.jpg,Train,2,5,0,0,0,1,0,1,0,0,0,0
SRHvsMI_image_109.jpg,Train,1,10,0,0,0,0,0,0,0,0,0,1
RRvsLSG_image_87.jpg,Train,2,6,0,0,0,0,1,0,0,1,0,0
PBKSvsCSK_image_2.jpg,Train,1,9,1,0,0,0,0,0,0,0,0,0
GTvsPBKS_image_89.jpg,Train,2,4,0,0,1,0,0,0,1,0,0,0
SRHvsMI_image_20.jpg,Train,1,9,0,0,0,0,0,0,0,0,0,1
RCBvsGT_image_67.jpg,Train,1,5,0,0,0,0,0,0,0,0,1,0
KKRvsGT_image_149.jpg,Train,1,8,0,0,0,1,0,0,0,0,0,0
RCBvsGT_image_57.jpg,Train,2,21,0,0,2,0,0,0,0,0,0,0
RCBvsPBKS_image_27.jpg,Train,2,12,0,0,0,0,0,0,1,0,1,0
SRHvsMI_image_213.jpg,Train,1,19,0,0,0,0,0,1,0,0,0,0
KKRvsCSK_image_26.jpg,Train,2,7,1,0,0,1,0,0,0,0,0,0
GTvsSRH_image_145.jpg,Train,1,3,0,0,0,0,0,0,0,0,0,1
KKRvsSRH_image_136.jpg,Train,1,12,0,0,0,0,0,0,0,0,0,1
MIvsCSK_image_20.jpg,Train,2,5,0,0,0,0,0,2,0,0,0,0
LSGvsSRH_image_295.jpg,Train,1,3,0,0,0,0,1,0,0,0,0,0
LSGvsMI_image_46.jpg,Train,1,8,0,0,0,0,1,0,0,0,0,0
SRHvsRR_image_77.jpg,Train,2,31,0,0,0,0,0,0,0,2,0,0
RRvsMI_image_51.jpg,Train,1,6,0,0,0,0,0,0,0,1,0,0
RCBvsDC_image_172.jpg,Train,1,8,0,1,0,0,0,0,0,0,0,0
LSGvsMI_image_134.jpg,Train,1,9,0,0,0,0,0,1,0,0,0,0
RRvsCSK_image_215.jpg,Train,2,9,2,0,0,0,0,0,0,0,0,0
KKRvsSRH_image_282.jpg,Train,1,17,0,0,0,0,0,0,0,0,0,1
PBKSvsMI_image_25.jpg,Train,2,3,0,0,0,0,0,0,1,0,1,0
KKRvsCSK_image_261.jpg,Train,2,26,1,0,0,1,0,0,0,0,0,0
KKRvsPBKS_image_33.jpg,Train,1,6,0,0,0,1,0,0,0,0,0,0
KKRvsLSG_image_51.jpg,Train,1,7,0,0,0,0,1,0,0,0,0,0
LSGvsCSK_image_51.jpg,Train,1,8,1,0,0,0,0,0,0,0,0,0
RCBvsCSK_image_300.jpg,Train,2,18,1,0,0,0,0,0,0,0,1,0
LSGvsRCB_image_30.jpg,Train,1,12,0,0,0,0,0,0,0,0,1,0
RCBvsCSK_image_172.jpg,Train,1,6,1,0,0,0,0,0,0,0,0,0
GTvsPBKS_image_15.jpg,Train,1,1,0,0,0,0,0,0,1,0,0,0
KKRvsRR_image_118.jpg,Train,2,5,0,0,0,2,0,0,0,0,0,0
SRHvsPBKS_image_114.jpg,Train,1,1,0,0,0,0,0,0,0,0,0,1
SRHvsRR_image_19.jpg,Train,1,5,0,0,0,0,0,0,0,0,0,1
MIvsRCB_image_151.jpg,Train,1,4,0,0,0,0,0,0,0,0,1,0
KKRvsLSG_image_116.jpg,Train,2,15,0,0,0,0,2,0,0,0,0,0
KKRvsLSG_image_89.jpg,Train,2,14,0,0,0,1,1,0,0,0,0,0
PBKSvsMI_image_45.jpg,Train,1,3,0,0,0,0,0,1,0,0,0,0
SRHvsMI_image_198.jpg,Train,2,28,0,0,0,0,0,1,0,0,0,1
PBKSvsCSK_image_305.jpg,Train,1,8,0,0,0,0,0,0,1,0,0,0
KKRvsCSK_image_102.jpg,Train,2,23,1,0,0,1,0,0,0,0,0,0
KKRvsRCB_image_107.jpg,Train,2,6,0,0,0,1,0,0,0,0,1,0
RCBvsCSK_image_307.jpg,Train,1,23,0,0,0,0,0,0,0,0,1,0
KKRvsCSK_image_200.jpg,Train,3,22,1,0,0,2,0,0,0,0,0,0
KKRvsPBKS_image_231.jpg,Train,1,5,0,0,0,1,0,0,0,0,0,0
SRHvsDC_image_92.jpg,Train,2,8,0,1,0,0,0,0,0,0,0,1
GTvsLSG_image_15.jpg,Train,1,3,0,0,1,0,0,0,0,0,0,0
GTvsRR_image_13.jpg,Train,1,17,0,0,0,0,0,0,0,1,0,0
SRHvsRR_image_33.jpg,Train,1,10,0,0,0,0,0,0,0,1,0,0
PBKSvsCSK_image_203.jpg,Train,1,4,0,0,0,0,0,0,1,0,0,0
KKRvsLSG_image_106.jpg,Train,1,3,0,0,0,1,0,0,0,0,0,0
MIvsDC_image_226.jpg,Train,1,6,0,0,0,0,0,1,0,0,0,0
GTvsLSG_image_49.jpg,Train,1,6,0,0,0,0,1,0,0,0,0,0
PBKSvsCSK_image_63.jpg,Train,4,5,3,0,0,0,0,0,1,0,0,0
RCBvsRR_image_111.jpg,Train,2,15,0,0,0,0,0,0,0,1,1,0
KKRvsRR_image_254.jpg,Train,2,9,0,0,0,1,0,0,0,1,0,0
KKRvsPBKS_image_55.jpg,Train,1,2,0,0,0,0,0,0,1,0,0,0
KKRvsSRH_image_173.jpg,Train,1,12,0,0,0,0,0,0,0,0,0,1
MIvsDC_image_209.jpg,Train,3,8,0,1,0,0,0,2,0,0,0,0
GTvsSRH_image_37.jpg,Train,1,17,0,0,1,0,0,0,0,0,0,0
KKRvsSRH_image_51.jpg,Train,1,13,0,0,0,0,0,0,0,0,0,1
KKRvsPBKS_image_209.jpg,Train,1,16,0,0,0,0,0,0,1,0,0,0
KKRvsGT_image_147.jpg,Train,2,8,0,0,1,1,0,0,0,0,0,0
GTvsLSG_image_33.jpg,Train,2,6,0,0,0,0,2,0,0,0,0,0
SRHvsPBKS_image_129.jpg,Train,1,2,0,0,0,0,0,0,1,0,0,0
RRvsLSG_image_50.jpg,Train,1,3,0,0,0,0,1,0,0,0,0,0
MIvsDC_image_279.jpg,Train,1,11,0,1,0,0,0,0,0,0,0,0
RCBvsGT_image_20.jpg,Train,1,7,0,0,1,0,0,0,0,0,0,0
SRHvsDC_image_146.jpg,Train,1,2,0,1,0,0,0,0,0,0,0,0
PBKSvsCSK_image_149.jpg,Train,1,13,1,0,0,0,0,0,0,0,0,0
SRHvsMI_image_96.jpg,Train,1,9,0,0,0,0,0,1,0,0,0,0
SRHvsMI_image_123.jpg,Train,3,21,0,0,0,0,0,1,0,0,0,2
KKRvsRCB_image_78.jpg,Train,4,9,0,0,0,2,0,0,0,0,2,0
KKRvsPBKS_image_84.jpg,Train,3,9,0,0,0,0,0,0,2,0,1,0
KKRvsLSG_image_43.jpg,Train,1,11,0,0,0,0,1,0,0,0,0,0
PBKSvsCSK_image_54.jpg,Train,1,8,1,0,0,0,0,0,0,0,0,0
SRHvsDC_image_8.jpg,Train,1,6,0,0,0,0,0,0,0,0,0,1
MIvsCSK_image_294.jpg,Train,1,3,0,0,0,0,0,1,0,0,0,0
RRvsCSK_image_76.jpg,Train,2,9,1,0,0,0,0,0,0,1,0,0
KKRvsPBKS_image_131.jpg,Train,1,4,0,0,0,1,0,0,0,0,0,0
KKRvsGT_image_31.jpg,Train,1,10,0,0,1,0,0,0,0,0,0,0
SRHvsPBKS_image_34.jpg,Train,1,4,0,0,0,0,0,0,0,0,0,1
LSGvsSRH_image_152.jpg,Train,1,10,0,0,0,0,1,0,0,0,0,0
GTvsSRH_image_80.jpg,Train,2,5,0,0,2,0,0,0,0,0,0,0
SRHvsDC_image_5.jpg,Train,1,6,0,1,0,0,0,0,0,0,0,0
PBKSvsCSK_image_127.jpg,Train,2,10,1,0,0,0,0,0,1,0,0,0
KKRvsCSK_image_76.jpg,Train,2,19,2,0,0,0,0,0,0,0,0,0
SRHvsPBKS_image_105.jpg,Train,1,3,0,0,0,0,0,0,1,0,0,0
KKRvsPBKS_image_214.jpg,Train,1,12,0,0,0,0,0,0,1,0,0,0
SRHvsDC_image_78.jpg,Train,2,7,0,1,0,0,0,0,0,0,0,1
RRvsMI_image_91.jpg,Train,3,15,0,0,0,0,0,2,0,1,0,0
RRvsMI_image_27.jpg,Train,1,9,0,0,0,0,0,0,0,1,0,0
KKRvsGT_image_90.jpg,Train,1,14,0,0,1,0,0,0,0,0,0,0
SRHvsDC_image_168.jpg,Train,2,10,0,2,0,0,0,0,0,0,0,0
KKRvsPBKS_image_49.jpg,Train,2,2,0,0,0,1,0,0,1,0,0,0
SRHvsDC_image_32.jpg,Train,1,8,0,1,0,0,0,0,0,0,0,0
LSGvsSRH_image_241.jpg,Train,1,6,0,0,0,0,0,0,0,0,0,1
RRvsLSG_image_26.jpg,Train,2,6,0,0,0,0,1,0,0,1,0,0
GTvsLSG_image_277.jpg,Train,1,2,0,0,1,0,0,0,0,0,0,0
KKRvsRCB_image_21.jpg,Train,2,17,0,0,0,0,0,0,0,0,2,0
KKRvsRR_image_116.jpg,Train,3,17,0,0,0,1,0,0,0,2,0,0
PBKSvsCSK_image_265.jpg,Train,1,4,0,0,0,0,0,0,1,0,0,0
PBKSvsMI_image_3.jpg,Train,1,8,0,0,0,0,0,1,0,0,0,0
SRHvsMI_image_169.jpg,Train,2,9,0,0,0,0,0,2,0,0,0,0
KKRvsSRH_image_162.jpg,Train,1,12,0,0,0,0,0,0,0,0,0,1
SRHvsDC_image_7.jpg,Train,1,5,0,1,0,0,0,0,0,0,0,0
MIvsRCB_image_0.jpg,Train,2,10,0,0,0,0,0,1,0,0,1,0
GTvsSRH_image_242.jpg,Train,1,15,0,0,0,0,0,0,0,0,0,1
LSGvsSRH_image_209.jpg,Train,2,8,0,0,0,0,1,0,0,0,0,1
MIvsCSK_image_238.jpg,Train,0,0,0,0,0,0,0,0,0,0,0,0
RRvsLSG_image_83.jpg,Train,1,8,0,0,0,0,0,0,0,1,0,0
KKRvsPBKS_image_56.jpg,Train,1,6,0,0,0,1,0,0,0,0,0,0
MIvsCSK_image_250.jpg,Train,1,5,1,0,0,0,0,0,0,0,0,0
MIvsCSK_image_226.jpg,Train,1,16,1,0,0,0,0,0,0,0,0,0
KKRvsPBKS_image_168.jpg,Train,1,3,0,0,0,1,0,0,0,0,0,0
GTvsRR_image_7.jpg,Train,2,6,0,0,1,0,0,0,0,1,0,0
SRHvsRR_image_70.jpg,Train,1,12,0,0,0,0,0,0,0,0,0,1
RCBvsDC_image_226.jpg,Train,4,15,0,2,0,0,0,0,0,0,2,0
KKRvsPBKS_image_208.jpg,Train,2,2,0,0,0,1,0,0,1,0,0,0
RRvsLSG_image_16.jpg,Train,1,7,0,0,0,0,1,0,0,0,0,0
RCBvsGT_image_68.jpg,Train,3,24,0,0,3,0,0,0,0,0,0,0
MIvsCSK_image_274.jpg,Train,0,0,0,0,0,0,0,0,0,0,0,0
SRHvsMI_image_36.jpg,Train,1,21,0,0,0,0,0,1,0,0,0,0
KKRvsSRH_image_176.jpg,Train,1,11,0,0,0,0,0,0,0,0,0,1
GTvsMI_image_268.jpg,Train,2,6,0,0,2,0,0,0,0,0,0,0
SRHvsDC_image_77.jpg,Train,2,24,0,2,0,0,0,0,0,0,0,0
KKRvsSRH_image_226.jpg,Train,1,9,0,0,0,0,0,0,0,0,0,1
SRHvsDC_image_129.jpg,Train,1,7,0,1,0,0,0,0,0,0,0,0
SRHvsRR_image_71.jpg,Train,2,16,0,0,0,0,0,0,0,1,0,1
RCBvsCSK_image_64.jpg,Train,1,2,1,0,0,0,0,0,0,0,0,0
SRHvsRR_image_146.jpg,Train,1,7,0,0,0,0,0,0,0,1,0,0
LSGvsRCB_image_190.jpg,Train,1,5,0,0,0,0,0,0,0,0,1,0
RCBvsGT_image_33.jpg,Train,3,8,0,0,1,0,0,0,0,0,2,0
RRvsMI_image_146.jpg,Train,2,16,0,0,0,0,0,1,0,1,0,0
PBKSvsCSK_image_183.jpg,Train,2,8,1,0,0,0,0,0,1,0,0,0
RCBvsGT_image_34.jpg,Train,1,7,0,0,1,0,0,0,0,0,0,0
SRHvsMI_image_228.jpg,Train,1,20,0,0,0,0,0,1,0,0,0,0
SRHvsPBKS_image_84.jpg,Train,1,5,0,0,0,0,0,0,0,0,0,1
SRHvsDC_image_176.jpg,Train,2,8,0,1,0,0,0,0,0,0,0,1
GTvsRR_image_166.jpg,Train,1,5,0,0,0,0,0,0,0,1,0,0
KKRvsSRH_image_203.jpg,Train,1,8,0,0,0,1,0,0,0,0,0,0
LSGvsRCB_image_96.jpg,Train,1,12,0,0,0,0,1,0,0,0,0,0
SRHvsDC_image_89.jpg,Train,1,24,0,0,0,0,0,0,0,0,0,1
RCBvsDC_image_222.jpg,Train,2,23,0,1,0,0,0,0,0,0,1,0
MIvsDC_image_337.jpg,Train,0,0,0,0,0,0,0,0,0,0,0,0
KKRvsRCB_image_113.jpg,Train,1,4,0,0,0,0,0,0,0,0,1,0
SRHvsDC_image_130.jpg,Train,1,5,0,0,0,0,0,0,0,0,0,1
PBKSvsCSK_image_232.jpg,Train,2,23,1,0,0,0,0,0,1,0,0,0
GTvsSRH_image_65.jpg,Train,1,7,0,0,1,0,0,0,0,0,0,0
GTvsMI_image_274.jpg,Train,2,12,0,0,2,0,0,0,0,0,0,0
SRHvsMI_image_225.jpg,Train,1,12,0,0,0,0,0,1,0,0,0,0
KKRvsLSG_image_64.jpg,Train,0,0,0,0,0,0,0,0,0,0,0,0
KKRvsSRH_image_186.jpg,Train,1,22,0,0,0,0,0,0,0,0,0,1
LSGvsSRH_image_189.jpg,Train,1,5,0,0,0,0,0,0,0,0,0,1
PBKSvsDC_image_13.jpg,Train,2,17,0,1,0,0,0,0,1,0,0,0
RRvsLSG_image_9.jpg,Train,1,3,0,0,0,0,1,0,0,0,0,0
GTvsPBKS_image_17.jpg,Train,2,16,0,0,1,0,0,0,1,0,0,0
RRvsCSK_image_243.jpg,Train,1,4,1,0,0,0,0,0,0,0,0,0
SRHvsMI_image_9.jpg,Train,2,17,0,0,0,0,0,1,0,0,0,1
SRHvsPBKS_image_53.jpg,Train,3,15,0,0,0,0,0,0,1,0,0,2
KKRvsSRH_image_109.jpg,Train,1,21,0,0,0,1,0,0,0,0,0,0
PBKSvsCSK_image_257.jpg,Train,1,6,1,0,0,0,0,0,0,0,0,0
GTvsLSG_image_350.jpg,Train,3,4,0,0,3,0,0,0,0,0,0,0
LSGvsSRH_image_191.jpg,Train,1,5,0,0,0,0,0,0,0,0,0,1
KKRvsLSG_image_98.jpg,Train,3,10,0,0,0,2,1,0,0,0,0,0
SRHvsMI_image_93.jpg,Train,2,11,0,0,0,0,0,0,0,0,0,2
PBKSvsCSK_image_111.jpg,Train,1,4,0,0,0,0,0,0,1,0,0,0
PBKSvsCSK_image_195.jpg,Train,1,7,0,0,0,0,0,0,1,0,0,0
KKRvsCSK_image_74.jpg,Train,1,3,1,0,0,0,0,0,0,0,0,0
RRvsCSK_image_264.jpg,Train,2,8,1,0,0,0,0,0,0,1,0,0
LSGvsRCB_image_19.jpg,Train,2,11,0,0,0,0,2,0,0,0,0,0
KKRvsPBKS_image_110.jpg,Train,1,1,0,0,0,0,0,0,1,0,0,0
GTvsMI_image_58.jpg,Train,4,15,0,0,3,0,0,1,0,0,0,0
MIvsKKR_image_29.jpg,Train,1,10,0,0,0,0,0,1,0,0,0,0
PBKSvsCSK_image_47.jpg,Train,1,7,0,0,0,0,0,0,1,0,0,0
RRvsMI_image_143.jpg,Train,1,13,0,0,0,0,0,1,0,0,0,0
RCBvsRR_image_17.jpg,Train,2,7,0,0,0,0,0,0,0,0,2,0
KKRvsLSG_image_27.jpg,Train,2,12,0,0,0,0,2,0,0,0,0,0
SRHvsMI_image_11.jpg,Train,1,10,0,0,0,0,0,1,0,0,0,0
PBKSvsCSK_image_236.jpg,Train,1,8,1,0,0,0,0,0,0,0,0,0
RCBvsGT_image_12.jpg,Train,1,11,0,0,1,0,0,0,0,0,0,0
RCBvsCSK_image_53.jpg,Train,1,7,0,0,0,0,0,0,0,0,1,0
MIvsDC_image_221.jpg,Train,0,0,0,0,0,0,0,0,0,0,0,0
KKRvsPBKS_image_2.jpg,Train,1,4,0,0,0,0,0,0,1,0,0,0
GTvsSRH_image_27.jpg,Train,1,6,0,0,1,0,0,0,0,0,0,0
KKRvsSRH_image_244.jpg,Train,2,17,0,0,0,1,0,0,0,0,0,1
LSGvsRCB_image_69.jpg,Train,2,13,0,0,0,0,1,0,0,0,1,0
SRHvsMI_image_97.jpg,Train,1,9,0,0,0,0,0,0,0,0,0,1
KKRvsSRH_image_53.jpg,Train,1,15,0,0,0,0,0,0,0,0,0,1
PBKSvsCSK_image_306.jpg,Train,1,8,0,0,0,0,0,0,1,0,0,0
RCBvsSRH_image_145.jpg,Train,1,4,0,0,0,0,0,0,0,0,0,1
KKRvsSRH_image_38.jpg,Train,1,9,0,0,0,0,0,0,0,0,0,1
SRHvsPBKS_image_88.jpg,Train,2,23,0,0,0,0,0,0,2,0,0,0
PBKSvsDC_image_52.jpg,Train,2,3,0,0,0,0,0,0,2,0,0,0
KKRvsSRH_image_166.jpg,Train,1,40,0,0,0,0,0,0,0,0,0,1
PBKSvsDC_image_74.jpg,Train,1,6,0,1,0,0,0,0,0,0,0,0
GTvsRR_image_19.jpg,Train,1,7,0,0,1,0,0,0,0,0,0,0
KKRvsCSK_image_75.jpg,Train,1,8,0,0,0,1,0,0,0,0,0,0
RCBvsPBKS_image_26.jpg,Train,1,24,0,0,0,0,0,0,0,0,1,0
GTvsPBKS_image_26.jpg,Train,3,8,0,0,3,0,0,0,0,0,0,0
MIvsCSK_image_63.jpg,Train,2,5,1,0,0,0,0,1,0,0,0,0
KKRvsLSG_image_2.jpg,Train,1,26,0,0,0,0,1,0,0,0,0,0
KKRvsGT_image_8.jpg,Train,1,14,0,0,0,1,0,0,0,0,0,0
PBKSvsCSK_image_152.jpg,Train,2,18,1,0,0,0,0,0,1,0,0,0
MIvsDC_image_222.jpg,Train,2,12,0,0,0,0,0,2,0,0,0,0
MIvsDC_image_220.jpg,Train,1,10,0,1,0,0,0,0,0,0,0,0
KKRvsGT_image_44.jpg,Train,1,7,0,0,1,0,0,0,0,0,0,0
RCBvsDC_image_112.jpg,Train,3,9,0,3,0,0,0,0,0,0,0,0
SRHvsMI_image_138.jpg,Train,3,18,0,0,0,0,0,1,0,0,0,2
SRHvsMI_image_190.jpg,Train,1,19,0,0,0,0,0,0,0,0,0,1
KKRvsCSK_image_98.jpg,Train,1,12,1,0,0,0,0,0,0,0,0,0
GTvsLSG_image_1.jpg,Train,1,4,0,0,0,0,1,0,0,0,0,0
PBKSvsCSK_image_110.jpg,Train,1,13,1,0,0,0,0,0,0,0,0,0
PBKSvsMI_image_84.jpg,Train,1,3,0,0,0,0,0,0,1,0,0,0
SRHvsMI_image_12.jpg,Train,1,13,0,0,0,0,0,1,0,0,0,0
SRHvsDC_image_27.jpg,Train,1,5,0,1,0,0,0,0,0,0,0,0
GTvsPBKS_image_21.jpg,Train,2,3,0,0,0,0,0,0,1,0,0,1
SRHvsMI_image_21.jpg,Train,1,13,0,0,0,0,0,1,0,0,0,0
RRvsLSG_image_13.jpg,Train,1,4,0,0,0,0,0,0,0,1,0,0
RCBvsPBKS_image_38.jpg,Train,1,20,0,0,0,0,0,0,0,0,1,0
RCBvsRR_image_85.jpg,Train,1,9,0,0,0,0,0,0,0,1,0,0
SRHvsPBKS_image_33.jpg,Train,4,14,0,0,0,0,0,0,2,0,0,2
MIvsDC_image_183.jpg,Train,1,6,0,1,0,0,0,0,0,0,0,0
GTvsPBKS_image_87.jpg,Train,3,9,0,0,0,0,0,0,2,0,1,0
MIvsRCB_image_110.jpg,Train,1,6,0,0,0,0,0,0,0,0,1,0
KKRvsRCB_image_83.jpg,Train,2,6,0,0,0,1,0,0,0,0,1,0
KKRvsSRH_image_119.jpg,Train,1,9,0,0,0,1,0,0,0,0,0,0
SRHvsMI_image_147.jpg,Train,1,13,0,0,0,0,0,1,0,0,0,0
KKRvsRCB_image_71.jpg,Train,1,2,0,0,0,0,0,0,0,0,1,0
SRHvsPBKS_image_117.jpg,Train,1,2,0,0,0,0,0,0,1,0,0,0
KKRvsLSG_image_124.jpg,Train,1,4,0,0,0,0,1,0,0,0,0,0
GTvsLSG_image_29.jpg,Train,1,14,0,0,0,0,1,0,0,0,0,0
RCBvsSRH_image_44.jpg,Train,1,3,0,0,0,0,0,0,0,0,0,1
LSGvsRCB_image_222.jpg,Train,1,8,0,0,0,0,0,0,0,0,1,0
KKRvsPBKS_image_185.jpg,Train,3,13,0,0,0,2,0,0,1,0,0,0
PBKSvsCSK_image_277.jpg,Train,2,14,2,0,0,0,0,0,0,0,0,0
PBKSvsCSK_image_258.jpg,Train,1,6,0,0,0,0,0,0,1,0,0,0
SRHvsMI_image_142.jpg,Train,1,5,0,0,0,0,0,0,0,0,0,1
PBKSvsCSK_image_38.jpg,Train,1,7,0,0,0,0,0,0,1,0,0,0
MIvsKKR_image_35.jpg,Train,2,19,0,0,0,1,0,1,0,0,0,0
SRHvsMI_image_155.jpg,Train,1,11,0,0,0,0,0,1,0,0,0,0
KKRvsSRH_image_230.jpg,Train,2,20,0,0,0,1,0,0,0,0,0,1
PBKSvsDC_image_24.jpg,Train,2,11,0,0,0,0,0,0,2,0,0,0
SRHvsMI_image_1.jpg,Train,1,13,0,0,0,0,0,1,0,0,0,0
LSGvsCSK_image_123.jpg,Train,2,14,0,0,0,0,2,0,0,0,0,0
RCBvsGT_image_9.jpg,Train,2,22,0,0,1,0,0,0,0,0,1,0
GTvsMI_image_104.jpg,Train,1,14,0,0,0,0,0,1,0,0,0,0
KKRvsCSK_image_150.jpg,Train,2,7,0,0,0,2,0,0,0,0,0,0
LSGvsCSK_image_25.jpg,Train,1,7,1,0,0,0,0,0,0,0,0,0
SRHvsPBKS_image_26.jpg,Train,1,6,0,0,0,0,0,0,1,0,0,0
GTvsSRH_image_227.jpg,Train,1,3,0,0,0,0,0,0,0,0,0,1
KKRvsSRH_image_255.jpg,Train,2,21,0,0,0,1,0,0,0,0,0,1
KKRvsLSG_image_135.jpg,Train,2,10,0,0,0,0,2,0,0,0,0,0
RCBvsSRH_image_84.jpg,Train,1,5,0,0,0,0,0,0,0,0,1,0
KKRvsRCB_image_126.jpg,Train,1,2,0,0,0,1,0,0,0,0,0,0
KKRvsPBKS_image_180.jpg,Train,1,22,0,0,0,1,0,0,0,0,0,0
GTvsMI_image_241.jpg,Train,1,18,0,0,0,0,0,1,0,0,0,0
KKRvsLSG_image_115.jpg,Train,1,2,0,0,0,1,0,0,0,0,0,0
PBKSvsDC_image_55.jpg,Train,2,10,0,1,0,0,0,0,1,0,0,0
KKRvsSRH_image_55.jpg,Train,1,37,0,0,0,0,0,0,0,0,0,1
RCBvsRR_image_94.jpg,Train,1,9,0,0,0,0,0,0,0,1,0,0
SRHvsPBKS_image_7.jpg,Train,1,3,0,0,0,0,0,0,1,0,0,0
LSGvsMI_image_149.jpg,Train,1,5,0,0,0,0,1,0,0,0,0,0
KKRvsSRH_image_143.jpg,Train,2,14,0,0,0,1,0,0,0,0,0,1
KKRvsSRH_image_191.jpg,Train,1,6,0,0,0,1,0,0,0,0,0,0
SRHvsRR_image_99.jpg,Train,1,5,0,0,0,0,0,0,0,0,0,1
LSGvsRCB_image_223.jpg,Train,1,6,0,0,0,0,1,0,0,0,0,0
LSGvsSRH_image_43.jpg,Train,1,8,0,0,0,0,1,0,0,0,0,0
PBKSvsDC_image_29.jpg,Train,1,10,0,1,0,0,0,0,0,0,0,0
RCBvsPBKS_image_120.jpg,Train,1,8,0,0,0,0,0,0,1,0,0,0
RCBvsCSK_image_161.jpg,Train,1,4,0,0,0,0,0,0,0,0,1,0
SRHvsMI_image_193.jpg,Train,1,41,0,0,0,0,0,1,0,0,0,0
GTvsMI_image_135.jpg,Train,1,10,0,0,0,0,0,1,0,0,0,0
LSGvsSRH_image_247.jpg,Train,1,8,0,0,0,0,1,0,0,0,0,0
SRHvsRR_image_66.jpg,Train,1,21,0,0,0,0,0,0,0,1,0,0
PBKSvsCSK_image_40.jpg,Train,1,15,1,0,0,0,0,0,0,0,0,0
KKRvsSRH_image_223.jpg,Train,2,19,0,0,0,1,0,0,0,0,0,1
MIvsDC_image_82.jpg,Train,2,18,0,0,0,0,0,2,0,0,0,0
SRHvsMI_image_158.jpg,Train,1,8,0,0,0,0,0,1,0,0,0,0
GTvsLSG_image_305.jpg,Train,2,6,0,0,0,0,2,0,0,0,0,0
GTvsSRH_image_57.jpg,Train,1,11,0,0,1,0,0,0,0,0,0,0
GTvsSRH_image_36.jpg,Train,1,8,0,0,1,0,0,0,0,0,0,0
KKRvsLSG_image_134.jpg,Train,1,5,0,0,0,0,1,0,0,0,0,0
PBKSvsCSK_image_225.jpg,Train,1,4,0,0,0,0,0,0,1,0,0,0
SRHvsPBKS_image_80.jpg,Train,1,7,0,0,0,0,0,0,0,0,0,1
RCBvsGT_image_39.jpg,Train,2,36,0,0,0,0,0,0,0,0,2,0
PBKSvsCSK_image_132.jpg,Train,3,26,1,0,0,0,0,0,2,0,0,0
SRHvsMI_image_227.jpg,Train,2,18,0,0,0,0,0,1,0,0,0,1
RCBvsDC_image_8.jpg,Train,2,13,0,1,0,0,0,0,0,0,1,0
GTvsLSG_image_19.jpg,Train,1,8,0,0,1,0,0,0,0,0,0,0
KKRvsGT_image_11.jpg,Train,4,17,0,0,3,1,0,0,0,0,0,0
RRvsLSG_image_1.jpg,Train,1,4,0,0,0,0,0,0,0,1,0,0
SRHvsPBKS_image_76.jpg,Train,1,5,0,0,0,0,0,0,0,0,0,1
GTvsMI_image_258.jpg,Train,2,10,0,0,1,0,0,1,0,0,0,0
KKRvsCSK_image_44.jpg,Train,1,14,1,0,0,0,0,0,0,0,0,0
GTvsMI_image_110.jpg,Train,2,21,0,0,1,0,0,1,0,0,0,0
KKRvsCSK_image_151.jpg,Train,1,10,0,0,0,1,0,0,0,0,0,0
GTvsMI_image_86.jpg,Train,1,3,0,0,0,0,0,1,0,0,0,0
KKRvsSRH_image_135.jpg,Train,2,20,0,0,0,1,0,0,0,0,0,1
KKRvsPBKS_image_158.jpg,Train,2,14,0,0,0,1,0,0,1,0,0,0
KKRvsGT_image_68.jpg,Train,2,6,0,0,1,1,0,0,0,0,0,0
LSGvsMI_image_111.jpg,Train,1,18,0,0,0,0,1,0,0,0,0,0
RCBvsGT_image_110.jpg,Train,2,15,0,0,1,0,0,0,0,0,1,0
SRHvsDC_image_88.jpg,Train,1,11,0,0,0,0,0,0,0,0,0,1
KKRvsPBKS_image_227.jpg,Train,1,13,0,0,0,0,0,0,1,0,0,0
SRHvsDC_image_20.jpg,Train,1,24,0,0,0,0,0,0,0,0,0,1
RRvsCSK_image_107.jpg,Train,2,12,1,0,0,0,0,0,0,1,0,0
SRHvsPBKS_image_32.jpg,Train,2,6,0,0,0,0,0,0,1,0,0,1
MIvsDC_image_135.jpg,Train,1,19,0,1,0,0,0,0,0,0,0,0
SRHvsMI_image_124.jpg,Train,3,30,0,0,0,0,0,2,0,0,0,1
KKRvsLSG_image_36.jpg,Train,2,20,0,0,0,0,2,0,0,0,0,0
SRHvsDC_image_180.jpg,Train,2,9,0,1,0,0,0,0,0,0,0,1
KKRvsGT_image_191.jpg,Train,2,8,0,0,1,1,0,0,0,0,0,0
KKRvsSRH_image_172.jpg,Train,1,34,0,0,0,0,0,0,0,0,0,1
KKRvsSRH_image_268.jpg,Train,1,11,0,0,0,0,0,0,0,0,0,1
GTvsMI_image_213.jpg,Train,2,6,0,0,0,0,0,2,0,0,0,0
PBKSvsDC_image_83.jpg,Train,1,7,0,1,0,0,0,0,0,0,0,0
RCBvsCSK_image_22.jpg,Train,2,4,0,0,0,0,0,0,0,0,2,0
RCBvsPBKS_image_105.jpg,Train,2,20,0,0,0,0,0,0,1,0,1,0
GTvsMI_image_237.jpg,Train,1,2,0,0,0,0,0,1,0,0,0,0
KKRvsLSG_image_78.jpg,Train,1,8,0,0,0,0,1,0,0,0,0,0
RRvsCSK_image_224.jpg,Train,2,9,1,0,0,0,0,0,0,1,0,0
PBKSvsDC_image_81.jpg,Train,3,8,0,1,0,0,0,0,2,0,0,0
KKRvsCSK_image_301.jpg,Train,2,16,1,0,0,1,0,0,0,0,0,0
KKRvsGT_image_15.jpg,Train,2,12,0,0,1,1,0,0,0,0,0,0
RCBvsDC_image_227.jpg,Train,1,20,0,1,0,0,0,0,0,0,0,0
RCBvsDC_image_18.jpg,Train,1,17,0,0,0,0,0,0,0,0,1,0
KKRvsRR_image_281.jpg,Train,2,16,0,0,0,1,0,0,0,1,0,0
PBKSvsCSK_image_24.jpg,Train,1,9,0,0,0,0,0,0,1,0,0,0
KKRvsPBKS_image_196.jpg,Train,2,6,0,0,0,1,0,0,1,0,0,0
MIvsDC_image_300.jpg,Train,1,10,0,0,0,0,0,1,0,0,0,0
RCBvsGT_image_73.jpg,Train,1,10,0,0,0,0,0,0,0,0,1,0
LSGvsRCB_image_178.jpg,Train,1,4,0,0,0,0,0,0,0,0,1,0
SRHvsMI_image_253.jpg,Train,2,23,0,0,0,0,0,2,0,0,0,0
SRHvsPBKS_image_48.jpg,Train,1,5,0,0,0,0,0,0,0,0,0,1
RCBvsCSK_image_311.jpg,Train,2,11,0,0,0,0,0,0,0,0,2,0
LSGvsMI_image_2.jpg,Train,1,6,0,0,0,0,1,0,0,0,0,0
RCBvsSRH_image_73.jpg,Train,1,6,0,0,0,0,0,0,0,0,1,0
PBKSvsMI_image_129.jpg,Train,2,8,0,0,0,0,0,1,1,0,0,0
GTvsPBKS_image_78.jpg,Train,2,6,0,0,0,0,0,0,2,0,0,0
KKRvsSRH_image_82.jpg,Train,1,35,0,0,0,1,0,0,0,0,0,0
MIvsKKR_image_11.jpg,Train,2,5,0,0,0,1,0,1,0,0,0,0
KKRvsSRH_image_198.jpg,Train,1,11,0,0,0,0,0,0,0,0,0,1
PBKSvsCSK_image_175.jpg,Train,1,10,1,0,0,0,0,0,0,0,0,0
KKRvsLSG_image_100.jpg,Train,1,2,0,0,0,1,0,0,0,0,0,0
RRvsMI_image_63.jpg,Train,2,20,0,0,0,0,0,1,0,1,0,0
SRHvsMI_image_25.jpg,Train,1,37,0,0,0,0,0,1,0,0,0,0
KKRvsSRH_image_56.jpg,Train,1,12,0,0,0,1,0,0,0,0,0,0
PBKSvsCSK_image_250.jpg,Train,1,2,0,0,0,0,0,0,1,0,0,0
PBKSvsCSK_image_52.jpg,Train,1,6,0,0,0,0,0,0,1,0,0,0
KKRvsPBKS_image_129.jpg,Train,2,9,0,0,0,0,0,0,2,0,0,0
GTvsSRH_image_151.jpg,Train,1,7,0,0,0,0,0,0,0,0,0,1
SRHvsMI_image_39.jpg,Train,1,8,0,0,0,0,0,0,0,0,0,1
KKRvsPBKS_image_35.jpg,Train,1,3,0,0,0,0,0,0,1,0,0,0
PBKSvsMI_image_5.jpg,Train,2,20,0,0,0,0,0,0,2,0,0,0
GTvsMI_image_255.jpg,Train,1,6,0,0,1,0,0,0,0,0,0,0
LSGvsMI_image_121.jpg,Train,1,12,0,0,0,0,1,0,0,0,0,0
KKRvsPBKS_image_3.jpg,Train,3,12,0,0,0,1,0,0,2,0,0,0
KKRvsSRH_image_232.jpg,Train,1,5,0,0,0,0,0,0,0,0,0,1
LSGvsMI_image_73.jpg,Train,1,7,0,0,0,0,1,0,0,0,0,0
RCBvsPBKS_image_97.jpg,Train,1,10,0,0,0,0,0,0,1,0,0,0
GTvsMI_image_136.jpg,Train,1,5,0,0,1,0,0,0,0,0,0,0
KKRvsSRH_image_206.jpg,Train,1,9,0,0,0,1,0,0,0,0,0,0
PBKSvsMI_image_35.jpg,Train,1,12,0,0,0,0,0,0,1,0,0,0
GTvsMI_image_207.jpg,Train,3,8,0,0,3,0,0,0,0,0,0,0
RCBvsCSK_image_59.jpg,Train,1,3,1,0,0,0,0,0,0,0,0,0
KKRvsPBKS_image_91.jpg,Train,2,4,0,0,0,1,0,0,1,0,0,0
SRHvsMI_image_47.jpg,Train,1,13,0,0,0,0,0,1,0,0,0,0
PBKSvsDC_image_69.jpg,Train,3,14,0,0,0,0,0,0,3,0,0,0
KKRvsSRH_image_163.jpg,Train,1,9,0,0,0,1,0,0,0,0,0,0
RCBvsSRH_image_222.jpg,Train,1,6,0,0,0,0,0,0,0,0,1,0
KKRvsSRH_image_15.jpg,Train,2,19,0,0,0,1,0,0,0,0,0,1
MIvsDC_image_322.jpg,Train,1,6,0,1,0,0,0,0,0,0,0,0
KKRvsSRH_image_101.jpg,Train,3,23,0,0,0,1,0,0,0,0,0,2
RRvsMI_image_35.jpg,Train,0,0,0,0,0,0,0,0,0,0,0,0
SRHvsDC_image_19.jpg,Train,1,10,0,1,0,0,0,0,0,0,0,0
RRvsLSG_image_92.jpg,Train,1,12,0,0,0,0,1,0,0,0,0,0
GTvsRR_image_198.jpg,Train,3,16,0,0,0,0,0,0,0,3,0,0
LSGvsRCB_image_186.jpg,Train,1,6,0,0,0,0,0,0,0,0,1,0
KKRvsRR_image_172.jpg,Train,2,11,0,0,0,1,0,0,0,1,0,0
KKRvsSRH_image_200.jpg,Train,1,6,0,0,0,0,0,0,0,0,0,1
RCBvsCSK_image_338.jpg,Train,1,9,1,0,0,0,0,0,0,0,0,0
SRHvsDC_image_162.jpg,Train,1,1,0,0,0,0,0,0,0,0,1,0
RRvsCSK_image_162.jpg,Train,2,11,1,0,0,0,0,0,0,1,0,0
KKRvsLSG_image_99.jpg,Train,1,1,0,0,0,1,0,0,0,0,0,0
GTvsMI_image_204.jpg,Train,1,6,0,0,0,0,0,1,0,0,0,0
RCBvsCSK_image_147.jpg,Train,2,14,1,0,0,0,0,0,0,0,1,0
GTvsRR_image_92.jpg,Train,1,10,0,0,0,0,0,0,0,1,0,0
KKRvsCSK_image_141.jpg,Train,1,14,1,0,0,0,0,0,0,0,0,0
KKRvsRR_image_292.jpg,Train,1,6,0,0,0,0,0,0,0,1,0,0
LSGvsCSK_image_40.jpg,Train,1,6,0,0,0,0,1,0,0,0,0,0
KKRvsRCB_image_49.jpg,Train,2,4,0,0,0,1,0,0,0,0,1,0
RCBvsRR_image_0.jpg,Train,1,9,0,0,0,0,0,0,0,1,0,0
KKRvsRR_image_0.jpg,Train,1,6,0,0,0,1,0,0,0,0,0,0
SRHvsMI_image_120.jpg,Train,1,12,0,0,0,0,0,0,0,0,0,1
KKRvsPBKS_image_61.jpg,Train,2,9,0,0,0,0,0,0,2,0,0,0
KKRvsPBKS_image_150.jpg,Train,1,4,0,0,0,0,0,0,1,0,0,0
GTvsRR_image_16.jpg,Train,1,10,0,0,0,0,0,0,0,1,0,0
SRHvsPBKS_image_49.jpg,Train,2,5,0,0,0,0,0,0,0,0,0,2
KKRvsSRH_image_3.jpg,Train,1,10,0,0,0,1,0,0,0,0,0,0
SRHvsMI_image_161.jpg,Train,1,18,0,0,0,0,0,1,0,0,0,0
RCBvsCSK_image_304.jpg,Train,1,5,0,0,0,0,0,0,0,0,1,0
RCBvsSRH_image_176.jpg,Train,1,24,0,0,0,0,0,0,0,0,0,1
LSGvsRCB_image_41.jpg,Train,3,7,0,0,0,0,2,0,0,0,1,0
SRHvsDC_image_60.jpg,Train,1,8,0,1,0,0,0,0,0,0,0,0
PBKSvsDC_image_0.jpg,Train,1,3,0,0,0,0,0,0,1,0,0,0
SRHvsDC_image_52.jpg,Train,2,10,0,1,0,0,0,0,0,0,0,1
SRHvsMI_image_22.jpg,Train,1,29,0,0,0,0,0,0,0,0,0,1
RCBvsRR_image_24.jpg,Train,2,18,0,0,0,0,0,0,0,1,1,0
MIvsKKR_image_101.jpg,Train,1,9,0,0,0,0,0,1,0,0,0,0
PBKSvsCSK_image_296.jpg,Train,1,4,0,0,0,0,0,0,1,0,0,0
SRHvsMI_image_240.jpg,Train,2,39,0,0,0,0,0,2,0,0,0,0
SRHvsPBKS_image_69.jpg,Train,1,6,0,0,0,0,0,0,0,0,0,1
KKRvsGT_image_208.jpg,Train,1,8,0,0,1,0,0,0,0,0,0,0
LSGvsMI_image_124.jpg,Train,1,5,0,0,0,0,0,1,0,0,0,0
RCBvsPBKS_image_99.jpg,Train,2,23,0,0,0,0,0,0,1,0,0,1
KKRvsRCB_image_7.jpg,Train,1,2,0,0,0,1,0,0,0,0,0,0
LSGvsMI_image_122.jpg,Train,1,8,0,0,0,0,0,1,0,0,0,0
GTvsMI_image_224.jpg,Train,2,4,0,0,1,0,0,1,0,0,0,0
GTvsMI_image_247.jpg,Train,3,11,0,0,3,0,0,0,0,0,0,0
KKRvsRR_image_256.jpg,Train,3,14,0,0,0,0,0,0,0,3,0,0
SRHvsMI_image_79.jpg,Train,2,10,0,0,0,0,0,0,0,0,0,2
SRHvsMI_image_33.jpg,Train,2,39,0,0,0,0,0,1,0,0,0,1
RCBvsCSK_image_360.jpg,Train,1,4,0,0,0,0,0,0,0,0,1,0
SRHvsMI_image_236.jpg,Train,1,37,0,0,0,0,0,0,0,0,0,1
SRHvsMI_image_143.jpg,Train,2,20,0,0,0,0,0,1,0,0,0,1
PBKSvsDC_image_41.jpg,Train,2,29,0,0,0,0,0,0,2,0,0,0
SRHvsDC_image_36.jpg,Train,1,5,0,0,0,0,0,0,0,0,0,1
MIvsCSK_image_7.jpg,Train,1,10,0,0,0,0,0,1,0,0,0,0
KKRvsCSK_image_99.jpg,Train,2,19,2,0,0,0,0,0,0,0,0,0
MIvsDC_image_155.jpg,Train,1,4,0,1,0,0,0,0,0,0,0,0
SRHvsRR_image_115.jpg,Train,1,6,0,0,0,0,0,0,0,1,0,0
RCBvsGT_image_11.jpg,Train,2,8,0,0,1,0,0,0,0,0,1,0
KKRvsSRH_image_178.jpg,Train,2,15,0,0,0,1,0,0,0,0,0,1
RCBvsPBKS_image_5.jpg,Train,1,10,0,0,0,0,0,0,0,0,1,0
RCBvsGT_image_36.jpg,Train,3,10,0,0,2,0,0,0,0,0,1,0
KKRvsSRH_image_68.jpg,Train,1,15,0,0,0,1,0,0,0,0,0,0
KKRvsRCB_image_50.jpg,Train,2,5,0,0,0,2,0,0,0,0,0,0
LSGvsSRH_image_256.jpg,Train,1,5,0,0,0,0,1,0,0,0,0,0
LSGvsSRH_image_32.jpg,Train,1,6,0,0,0,0,0,0,0,0,0,1
SRHvsMI_image_153.jpg,Train,1,21,0,0,0,0,0,1,0,0,0,0
SRHvsMI_image_45.jpg,Train,1,26,0,0,0,0,0,0,0,0,0,1
GTvsSRH_image_59.jpg,Train,1,5,0,0,1,0,0,0,0,0,0,0
PBKSvsMI_image_79.jpg,Train,1,10,0,0,0,0,0,0,1,0,0,0
KKRvsCSK_image_27.jpg,Train,1,7,0,0,0,1,0,0,0,0,0,0
RCBvsRR_image_82.jpg,Train,2,9,0,0,0,0,0,0,0,0,2,0
SRHvsRR_image_29.jpg,Train,2,14,0,0,0,0,0,0,0,1,0,1
KKRvsRCB_image_24.jpg,Train,2,5,0,0,0,0,0,0,0,0,2,0
SRHvsDC_image_134.jpg,Train,2,10,0,2,0,0,0,0,0,0,0,0
GTvsSRH_image_35.jpg,Train,1,4,0,0,1,0,0,0,0,0,0,0
MIvsDC_image_136.jpg,Train,0,0,0,0,0,0,0,0,0,0,0,0
LSGvsCSK_image_132.jpg,Train,2,22,0,0,0,0,2,0,0,0,0,0
MIvsKKR_image_108.jpg,Train,2,8,0,0,0,0,0,2,0,0,0,0
KKRvsLSG_image_105.jpg,Train,0,0,0,0,0,0,0,0,0,0,0,0
RRvsLSG_image_82.jpg,Train,2,6,0,0,0,0,2,0,0,0,0,0
KKRvsPBKS_image_90.jpg,Train,1,4,0,0,0,0,0,0,1,0,0,0
GTvsSRH_image_165.jpg,Train,2,14,0,0,0,0,0,0,0,0,0,2
KKRvsSRH_image_89.jpg,Train,1,9,0,0,0,1,0,0,0,0,0,0
LSGvsMI_image_197.jpg,Train,1,6,0,0,0,0,1,0,0,0,0,0
KKRvsLSG_image_104.jpg,Train,1,2,0,0,0,1,0,0,0,0,0,0
PBKSvsMI_image_18.jpg,Train,2,18,0,0,0,0,0,2,0,0,0,0
RCBvsPBKS_image_78.jpg,Train,2,12,0,0,0,0,0,0,1,0,1,0
LSGvsRCB_image_183.jpg,Train,1,1,0,0,0,0,0,0,0,0,1,0
KKRvsCSK_image_50.jpg,Train,1,11,1,0,0,0,0,0,0,0,0,0
PBKSvsDC_image_25.jpg,Train,1,5,0,0,0,0,0,0,1,0,0,0
PBKSvsCSK_image_50.jpg,Train,3,11,2,0,0,0,0,0,1,0,0,0
KKRvsSRH_image_75.jpg,Train,1,13,0,0,0,0,0,0,0,0,0,1
PBKSvsCSK_image_26.jpg,Train,2,11,1,0,0,0,0,0,1,0,0,0
PBKSvsCSK_image_289.jpg,Train,2,7,1,0,0,0,0,0,1,0,0,0
RCBvsRR_image_56.jpg,Train,3,21,0,0,0,0,0,0,0,2,1,0
PBKSvsCSK_image_207.jpg,Train,1,12,0,0,0,0,0,0,1,0,0,0
LSGvsCSK_image_127.jpg,Train,2,13,2,0,0,0,0,0,0,0,0,0
KKRvsCSK_image_289.jpg,Train,1,4,1,0,0,0,0,0,0,0,0,0
KKRvsLSG_image_47.jpg,Train,0,0,0,0,0,0,0,0,0,0,0,0
RCBvsGT_image_142.jpg,Train,1,8,0,0,0,0,0,0,0,0,1,0
SRHvsRR_image_123.jpg,Train,2,20,0,0,0,0,0,0,0,0,0,2
KKRvsPBKS_image_218.jpg,Train,1,3,0,0,0,1,0,0,0,0,0,0
PBKSvsDC_image_68.jpg,Train,1,7,0,1,0,0,0,0,0,0,0,0
RCBvsDC_image_57.jpg,Train,1,21,0,0,0,0,0,0,0,0,1,0
KKRvsPBKS_image_108.jpg,Train,1,1,0,0,0,0,0,0,1,0,0,0
KKRvsCSK_image_149.jpg,Train,2,8,1,0,0,1,0,0,0,0,0,0
GTvsMI_image_125.jpg,Train,1,7,0,0,0,0,0,1,0,0,0,0
SRHvsPBKS_image_144.jpg,Train,1,10,0,0,0,0,0,0,0,0,0,1
SRHvsMI_image_214.jpg,Train,1,5,0,0,0,0,0,0,0,0,0,1
GTvsMI_image_278.jpg,Train,1,5,0,0,0,0,0,1,0,0,0,0
PBKSvsCSK_image_86.jpg,Train,2,16,0,0,0,0,0,0,2,0,0,0
PBKSvsCSK_image_64.jpg,Train,1,8,1,0,0,0,0,0,0,0,0,0
PBKSvsCSK_image_125.jpg,Train,1,16,1,0,0,0,0,0,0,0,0,0
RCBvsRR_image_213.jpg,Train,2,9,0,0,0,0,0,0,0,2,0,0
KKRvsPBKS_image_48.jpg,Train,1,4,0,0,0,1,0,0,0,0,0,0
KKRvsPBKS_image_224.jpg,Train,2,9,0,0,0,1,0,0,1,0,0,0
RCBvsDC_image_19.jpg,Train,1,18,0,1,0,0,0,0,0,0,0,0
SRHvsDC_image_120.jpg,Train,3,8,0,0,0,0,0,0,0,0,0,3
MIvsCSK_image_281.jpg,Train,2,5,0,0,0,0,0,2,0,0,0,0
RCBvsGT_image_74.jpg,Train,1,13,0,0,1,0,0,0,0,0,0,0
SRHvsMI_image_223.jpg,Train,2,23,0,0,0,0,0,1,0,0,0,1
LSGvsRCB_image_179.jpg,Train,1,5,0,0,0,0,0,0,0,0,1,0
SRHvsMI_image_175.jpg,Train,1,10,0,0,0,0,0,0,0,0,0,1
MIvsDC_image_341.jpg,Train,2,5,0,1,0,0,0,1,0,0,0,0
SRHvsRR_image_23.jpg,Train,2,19,0,0,0,0,0,0,0,2,0,0
KKRvsSRH_image_10.jpg,Train,1,13,0,0,0,1,0,0,0,0,0,0
GTvsMI_image_211.jpg,Train,2,6,0,0,0,0,0,2,0,0,0,0
SRHvsPBKS_image_38.jpg,Train,2,4,0,0,0,0,0,0,2,0,0,0
KKRvsSRH_image_260.jpg,Train,2,24,0,0,0,1,0,0,0,0,0,1
SRHvsDC_image_6.jpg,Train,1,12,0,0,0,0,0,0,0,0,0,1
KKRvsSRH_image_69.jpg,Train,1,28,0,0,0,0,0,0,0,0,0,1
KKRvsPBKS_image_141.jpg,Train,1,1,0,0,0,0,0,0,1,0,0,0
KKRvsLSG_image_70.jpg,Train,1,17,0,0,0,0,1,0,0,0,0,0
MIvsKKR_image_57.jpg,Train,1,30,0,0,0,0,0,1,0,0,0,0
PBKSvsCSK_image_65.jpg,Train,1,8,0,0,0,0,0,0,1,0,0,0
SRHvsRR_image_37.jpg,Train,1,9,0,0,0,0,0,0,0,1,0,0
KKRvsLSG_image_20.jpg,Train,0,0,0,0,0,0,0,0,0,0,0,0
GTvsRR_image_47.jpg,Train,1,8,0,0,1,0,0,0,0,0,0,0
KKRvsPBKS_image_223.jpg,Train,1,1,0,0,0,0,0,0,1,0,0,0
RRvsLSG_image_7.jpg,Train,1,4,0,0,0,0,0,0,0,1,0,0
KKRvsLSG_image_74.jpg,Train,0,0,0,0,0,0,0,0,0,0,0,0
SRHvsMI_image_152.jpg,Train,2,14,0,0,0,0,0,1,0,0,0,1
RCBvsCSK_image_305.jpg,Train,1,4,0,0,0,0,0,0,0,0,1,0
KKRvsLSG_image_103.jpg,Train,2,3,0,0,0,1,1,0,0,0,0,0
GTvsSRH_image_97.jpg,Train,2,6,0,0,2,0,0,0,0,0,0,0
KKRvsRCB_image_2.jpg,Train,1,6,0,0,0,0,0,0,0,0,1,0
GTvsPBKS_image_1.jpg,Train,1,2,0,0,1,0,0,0,0,0,0,0
MIvsCSK_image_30.jpg,Train,1,2,1,0,0,0,0,0,0,0,0,0
GTvsSRH_image_220.jpg,Train,1,4,0,0,0,0,0,0,0,0,0,1
GTvsMI_image_266.jpg,Train,2,5,0,0,1,0,0,1,0,0,0,0
KKRvsPBKS_image_159.jpg,Train,2,8,0,0,0,0,0,0,1,0,1,0
LSGvsSRH_image_225.jpg,Train,1,7,0,0,0,0,1,0,0,0,0,0
RCBvsCSK_image_54.jpg,Train,1,3,1,0,0,0,0,0,0,0,0,0
PBKSvsCSK_image_165.jpg,Train,1,5,1,0,0,0,0,0,0,0,0,0
PBKSvsDC_image_76.jpg,Train,1,7,0,0,0,0,0,0,1,0,0,0
RCBvsSRH_image_129.jpg,Train,1,20,0,0,0,0,0,0,0,0,0,1
SRHvsDC_image_85.jpg,Train,1,15,0,0,0,0,0,0,0,0,0,1
SRHvsMI_image_57.jpg,Train,1,16,0,0,0,0,0,1,0,0,0,0
RCBvsDC_image_16.jpg,Train,2,8,0,1,0,0,0,0,0,0,1,0
GTvsMI_image_261.jpg,Train,1,4,0,0,1,0,0,0,0,0,0,0
KKRvsLSG_image_82.jpg,Train,1,42,0,0,0,0,1,0,0,0,0,0
KKRvsSRH_image_96.jpg,Train,2,47,0,0,0,1,0,0,0,0,0,1
MIvsDC_image_182.jpg,Train,4,30,0,3,0,0,0,1,0,0,0,0
PBKSvsCSK_image_41.jpg,Train,1,10,1,0,0,0,0,0,0,0,0,0
KKRvsGT_image_121.jpg,Train,2,14,0,0,1,1,0,0,0,0,0,0
KKRvsCSK_image_131.jpg,Train,1,4,0,0,0,1,0,0,0,0,0,0
PBKSvsCSK_image_206.jpg,Train,1,11,0,0,0,0,0,0,1,0,0,0
KKRvsPBKS_image_233.jpg,Train,1,5,0,0,0,1,0,0,0,0,0,0
SRHvsMI_image_105.jpg,Train,2,10,0,0,0,0,0,0,0,0,0,2
RCBvsCSK_image_93.jpg,Train,1,10,0,0,0,0,0,0,0,0,1,0
SRHvsMI_image_187.jpg,Train,1,15,0,0,0,0,0,1,0,0,0,0
PBKSvsCSK_image_191.jpg,Train,2,12,1,0,0,0,0,0,1,0,0,0
KKRvsLSG_image_72.jpg,Train,2,8,0,0,0,1,1,0,0,0,0,0
MIvsKKR_image_22.jpg,Train,1,9,0,0,0,0,0,1,0,0,0,0
LSGvsMI_image_194.jpg,Train,1,8,0,0,0,0,1,0,0,0,0,0
GTvsSRH_image_235.jpg,Train,1,6,0,0,0,0,0,0,0,0,0,1
LSGvsMI_image_144.jpg,Train,1,5,0,0,0,0,0,1,0,0,0,0
KKRvsCSK_image_31.jpg,Train,2,5,1,0,0,1,0,0,0,0,0,0
KKRvsSRH_image_130.jpg,Train,1,14,0,0,0,0,0,0,0,0,0,1
SRHvsMI_image_157.jpg,Train,1,10,0,0,0,0,0,0,0,0,0,1
RRvsMI_image_148.jpg,Train,3,25,0,0,0,0,0,2,0,1,0,0
GTvsMI_image_231.jpg,Train,3,6,0,0,1,0,0,2,0,0,0,0
PBKSvsCSK_image_91.jpg,Train,2,3,1,0,0,0,0,0,1,0,0,0
RCBvsGT_image_108.jpg,Train,2,13,0,0,1,0,0,0,0,0,1,0
MIvsCSK_image_297.jpg,Train,3,7,1,0,0,0,0,2,0,0,0,0
KKRvsRR_image_2.jpg,Train,1,6,0,0,0,0,0,0,0,1,0,0
RRvsMI_image_130.jpg,Train,1,5,0,0,0,0,0,1,0,0,0,0
RRvsMI_image_134.jpg,Train,2,15,0,0,0,0,0,1,0,1,0,0
PBKSvsMI_image_14.jpg,Train,1,10,0,0,0,0,0,1,0,0,0,0
MIvsKKR_image_52.jpg,Train,1,5,0,0,0,1,0,0,0,0,0,0
PBKSvsCSK_image_44.jpg,Train,1,8,1,0,0,0,0,0,0,0,0,0
LSGvsMI_image_187.jpg,Train,1,6,0,0,0,0,1,0,0,0,0,0
RRvsLSG_image_47.jpg,Train,1,3,0,0,0,0,1,0,0,0,0,0
RCBvsSRH_image_91.jpg,Train,1,4,0,0,0,0,0,0,0,0,1,0
PBKSvsCSK_image_291.jpg,Train,1,24,1,0,0,0,0,0,0,0,0,0
PBKSvsMI_image_19.jpg,Train,1,6,0,0,0,0,0,1,0,0,0,0
KKRvsRCB_image_93.jpg,Train,1,2,0,0,0,1,0,0,0,0,0,0
RRvsLSG_image_28.jpg,Train,1,4,0,0,0,0,0,0,0,1,0,0
MIvsRCB_image_121.jpg,Train,3,6,0,0,0,0,0,2,0,0,1,0
RCBvsSRH_image_10.jpg,Train,2,9,0,0,0,0,0,0,0,0,1,1
GTvsRR_image_118.jpg,Train,1,7,0,0,1,0,0,0,0,0,0,0
PBKSvsCSK_image_29.jpg,Train,2,20,1,0,0,0,0,0,1,0,0,0
SRHvsRR_image_88.jpg,Train,1,4,0,0,0,0,0,0,0,0,0,1
SRHvsMI_image_191.jpg,Train,2,16,0,1,0,0,0,1,0,0,0,0
PBKSvsCSK_image_180.jpg,Train,1,4,0,0,0,0,0,0,1,0,0,0
KKRvsGT_image_200.jpg,Train,1,4,0,0,0,1,0,0,0,0,0,0
KKRvsRCB_image_55.jpg,Train,1,4,0,0,0,0,0,0,0,0,1,0
MIvsCSK_image_220.jpg,Train,2,11,2,0,0,0,0,0,0,0,0,0
PBKSvsDC_image_102.jpg,Train,1,6,0,1,0,0,0,0,0,0,0,0
KKRvsLSG_image_30.jpg,Train,1,7,0,0,0,0,1,0,0,0,0,0
MIvsDC_image_320.jpg,Train,1,21,0,0,0,0,0,1,0,0,0,0
SRHvsMI_image_163.jpg,Train,2,18,0,0,0,0,0,1,0,0,0,1
KKRvsRCB_image_4.jpg,Train,2,3,0,0,0,1,0,0,0,0,1,0
SRHvsMI_image_210.jpg,Train,1,14,0,0,0,0,0,1,0,0,0,0
KKRvsLSG_image_130.jpg,Train,2,8,0,0,0,2,0,0,0,0,0,0
KKRvsLSG_image_3.jpg,Train,1,6,0,0,0,1,0,0,0,0,0,0
KKRvsSRH_image_32.jpg,Train,1,15,0,0,0,1,0,0,0,0,0,0
MIvsDC_image_230.jpg,Train,1,6,0,0,0,0,0,1,0,0,0,0
RCBvsDC_image_63.jpg,Train,2,11,0,1,0,0,0,0,0,0,1,0
GTvsRR_image_145.jpg,Train,2,12,0,0,1,0,0,0,0,1,0,0
RRvsMI_image_49.jpg,Train,2,8,0,0,0,0,0,1,0,1,0,0
GTvsLSG_image_297.jpg,Train,3,6,0,0,0,0,3,0,0,0,0,0
SRHvsMI_image_3.jpg,Train,1,11,0,0,0,0,0,1,0,0,0,0
PBKSvsMI_image_110.jpg,Train,1,6,0,0,0,0,0,0,1,0,0,0
GTvsSRH_image_120.jpg,Train,1,8,0,0,0,0,0,0,0,0,0,1
KKRvsSRH_image_2.jpg,Train,3,23,0,0,0,2,0,0,0,0,0,1
KKRvsSRH_image_28.jpg,Train,1,14,0,0,0,1,0,0,0,0,0,0
SRHvsRR_image_93.jpg,Train,2,17,0,0,0,0,0,0,0,1,0,1
SRHvsMI_image_248.jpg,Train,1,32,0,0,0,0,0,0,0,0,0,1
MIvsDC_image_235.jpg,Train,2,36,0,1,0,0,0,1,0,0,0,0
MIvsKKR_image_33.jpg,Train,1,25,0,0,0,0,0,1,0,0,0,0
GTvsMI_image_217.jpg,Train,1,2,0,0,1,0,0,0,0,0,0,0
KKRvsCSK_image_152.jpg,Train,1,18,1,0,0,0,0,0,0,0,0,0
RRvsLSG_image_66.jpg,Train,2,16,0,0,0,0,2,0,0,0,0,0
RCBvsGT_image_4.jpg,Train,1,9,0,0,1,0,0,0,0,0,0,0
SRHvsDC_image_91.jpg,Train,2,8,0,1,0,0,0,0,0,0,0,1
RRvsMI_image_29.jpg,Train,1,12,0,0,0,0,0,1,0,0,0,0
KKRvsRCB_image_19.jpg,Train,2,5,0,0,0,1,0,0,0,0,1,0
KKRvsPBKS_image_38.jpg,Train,1,1,0,0,0,0,0,0,1,0,0,0
KKRvsPBKS_image_34.jpg,Train,1,7,0,0,0,1,0,0,0,0,0,0
RRvsMI_image_16.jpg,Train,2,10,0,0,0,0,0,1,0,1,0,0
RRvsMI_image_113.jpg,Train,2,13,0,0,0,0,0,1,0,1,0,0
RRvsCSK_image_151.jpg,Train,3,8,2,0,0,0,0,0,0,1,0,0
GTvsPBKS_image_79.jpg,Train,2,5,0,0,0,0,0,0,2,0,0,0
SRHvsPBKS_image_149.jpg,Train,1,3,0,0,0,0,0,0,1,0,0,0
RCBvsPBKS_image_86.jpg,Train,1,8,0,0,0,0,0,0,0,0,1,0
KKRvsRR_image_112.jpg,Train,4,24,0,0,0,1,0,0,0,3,0,0
RRvsMI_image_26.jpg,Train,2,12,0,0,0,0,0,0,0,2,0,0
SRHvsMI_image_8.jpg,Train,3,13,0,0,0,0,0,0,0,0,0,3
KKRvsSRH_image_233.jpg,Train,1,12,0,0,0,0,0,0,0,0,0,1
KKRvsPBKS_image_25.jpg,Train,1,4,0,0,0,1,0,0,0,0,0,0
RCBvsCSK_image_71.jpg,Train,1,4,1,0,0,0,0,0,0,0,0,0
MIvsRCB_image_135.jpg,Train,1,3,0,0,0,0,0,1,0,0,0,0
KKRvsCSK_image_328.jpg,Train,2,9,1,0,0,1,0,0,0,0,0,0
RRvsCSK_image_175.jpg,Train,1,12,1,0,0,0,0,0,0,0,0,0
KKRvsRR_image_12.jpg,Train,1,4,0,0,0,0,0,0,0,1,0,0
RCBvsGT_image_66.jpg,Train,1,9,0,0,0,0,0,0,0,0,1,0
GTvsLSG_image_2.jpg,Train,3,8,0,0,0,0,3,0,0,0,0,0
SRHvsMI_image_68.jpg,Train,1,19,0,0,0,0,0,1,0,0,0,0
KKRvsSRH_image_80.jpg,Train,1,12,0,0,0,1,0,0,0,0,0,0
MIvsDC_image_184.jpg,Train,1,3,0,1,0,0,0,0,0,0,0,0
KKRvsRR_image_41.jpg,Train,1,13,0,0,0,1,0,0,0,0,0,0
SRHvsDC_image_74.jpg,Train,1,5,0,0,0,0,0,0,0,0,0,1
KKRvsCSK_image_132.jpg,Train,1,12,0,0,0,1,0,0,0,0,0,0
KKRvsSRH_image_277.jpg,Train,1,11,0,0,0,1,0,0,0,0,0,0
SRHvsDC_image_35.jpg,Train,1,5,0,1,0,0,0,0,0,0,0,0
SRHvsRR_image_51.jpg,Train,2,6,0,0,0,0,0,0,0,1,0,1
KKRvsLSG_image_71.jpg,Train,2,10,0,0,0,1,1,0,0,0,0,0
KKRvsRR_image_111.jpg,Train,1,8,0,0,0,0,0,0,0,1,0,0
KKRvsCSK_image_147.jpg,Train,1,4,1,0,0,0,0,0,0,0,0,0
SRHvsDC_image_181.jpg,Train,1,8,0,1,0,0,0,0,0,0,0,0
SRHvsRR_image_2.jpg,Train,1,6,0,0,0,0,0,0,0,0,0,1
MIvsDC_image_240.jpg,Train,1,6,0,1,0,0,0,0,0,0,0,0
KKRvsCSK_image_302.jpg,Train,1,19,1,0,0,0,0,0,0,0,0,0
SRHvsPBKS_image_139.jpg,Train,1,5,0,0,0,0,0,0,0,0,0,1
SRHvsDC_image_56.jpg,Train,2,10,0,1,0,0,0,0,0,0,0,1
KKRvsPBKS_image_153.jpg,Train,2,9,0,0,0,1,0,0,1,0,0,0
KKRvsRR_image_64.jpg,Train,1,4,0,0,0,0,0,0,0,1,0,0
KKRvsPBKS_image_199.jpg,Train,1,5,0,0,0,0,0,0,1,0,0,0
KKRvsPBKS_image_216.jpg,Train,1,3,0,0,0,0,0,0,1,0,0,0
LSGvsMI_image_0.jpg,Train,1,14,0,0,0,0,0,1,0,0,0,0
GTvsMI_image_0.jpg,Train,1,11,0,0,1,0,0,0,0,0,0,0
SRHvsMI_image_119.jpg,Train,1,13,0,0,0,0,0,1,0,0,0,0
PBKSvsCSK_image_82.jpg,Train,1,19,0,0,0,0,0,0,1,0,0,0
SRHvsMI_image_78.jpg,Train,1,28,0,0,0,0,0,1,0,0,0,0
GTvsPBKS_image_61.jpg,Train,1,4,0,0,1,0,0,0,0,0,0,0
KKRvsPBKS_image_200.jpg,Train,1,7,0,0,0,1,0,0,0,0,0,0
PBKSvsCSK_image_87.jpg,Train,2,11,1,0,0,0,0,0,1,0,0,0
KKRvsSRH_image_104.jpg,Train,1,18,0,0,0,1,0,0,0,0,0,0
GTvsPBKS_image_58.jpg,Train,1,3,0,0,0,0,0,0,1,0,0,0
GTvsLSG_image_9.jpg,Train,2,3,0,0,2,0,0,0,0,0,0,0
SRHvsMI_image_80.jpg,Train,1,10,0,0,0,0,0,1,0,0,0,0
SRHvsMI_image_180.jpg,Train,2,22,0,0,0,0,0,1,0,0,0,1
MIvsDC_image_69.jpg,Train,3,12,0,1,0,0,0,2,0,0,0,0
KKRvsSRH_image_106.jpg,Train,1,6,0,0,0,0,0,0,0,0,0,1
KKRvsSRH_image_174.jpg,Train,1,11,0,0,0,0,0,0,0,0,0,1
SRHvsMI_image_73.jpg,Train,1,13,0,0,0,0,0,1,0,0,0,0
KKRvsSRH_image_127.jpg,Train,1,12,0,0,0,1,0,0,0,0,0,0
GTvsMI_image_267.jpg,Train,1,2,0,0,0,0,0,1,0,0,0,0
MIvsRCB_image_1.jpg,Train,1,6,0,0,0,0,0,1,0,0,0,0
SRHvsPBKS_image_21.jpg,Train,1,6,0,0,0,0,0,0,0,0,0,1
MIvsKKR_image_16.jpg,Train,4,15,0,0,0,2,0,2,0,0,0,0
RCBvsDC_image_82.jpg,Train,1,9,0,1,0,0,0,0,0,0,0,0
KKRvsCSK_image_39.jpg,Train,1,5,1,0,0,0,0,0,0,0,0,0
GTvsMI_image_113.jpg,Train,1,3,0,0,1,0,0,0,0,0,0,0
SRHvsMI_image_307.jpg,Train,1,14,0,0,0,0,0,1,0,0,0,0
SRHvsMI_image_91.jpg,Train,2,22,0,0,0,0,0,1,0,0,0,1
RCBvsCSK_image_55.jpg,Train,1,4,1,0,0,0,0,0,0,0,0,0
KKRvsLSG_image_33.jpg,Train,1,10,0,0,0,1,0,0,0,0,0,0
GTvsRR_image_79.jpg,Train,2,12,0,0,0,0,0,0,0,2,0,0
GTvsSRH_image_64.jpg,Train,1,3,0,0,1,0,0,0,0,0,0,0
LSGvsRCB_image_23.jpg,Train,3,14,0,0,0,0,0,0,0,0,3,0
MIvsDC_image_321.jpg,Train,1,4,0,0,0,0,0,1,0,0,0,0
MIvsDC_image_190.jpg,Train,2,9,0,1,0,0,0,1,0,0,0,0
GTvsSRH_image_39.jpg,Train,2,19,0,0,1,0,0,0,0,0,0,1
GTvsSRH_image_34.jpg,Train,1,5,0,0,1,0,0,0,0,0,0,0
RRvsMI_image_68.jpg,Train,2,17,0,0,0,0,0,1,0,1,0,0
GTvsLSG_image_20.jpg,Train,1,3,0,0,1,0,0,0,0,0,0,0
SRHvsPBKS_image_74.jpg,Train,3,16,0,0,0,0,0,0,1,0,0,2
GTvsRR_image_114.jpg,Train,3,16,0,0,3,0,0,0,0,0,0,0
SRHvsPBKS_image_45.jpg,Train,1,9,0,0,0,0,0,0,1,0,0,0
RCBvsGT_image_14.jpg,Train,3,15,0,0,0,0,0,0,0,0,3,0
RRvsLSG_image_54.jpg,Train,1,8,0,0,0,0,0,0,0,1,0,0
KKRvsPBKS_image_176.jpg,Train,2,7,0,0,0,1,0,0,1,0,0,0
GTvsMI_image_63.jpg,Train,2,22,0,0,1,0,0,1,0,0,0,0
SRHvsDC_image_164.jpg,Train,1,7,0,1,0,0,0,0,0,0,0,0
PBKSvsCSK_image_81.jpg,Train,2,12,1,0,0,0,0,0,1,0,0,0
SRHvsRR_image_131.jpg,Train,2,24,0,0,0,0,0,0,0,0,0,2
SRHvsPBKS_image_104.jpg,Train,1,9,0,0,0,0,0,0,0,0,0,1
MIvsKKR_image_58.jpg,Train,1,9,0,0,0,0,0,1,0,0,0,0
SRHvsRR_image_52.jpg,Train,2,9,0,0,0,0,0,0,0,1,0,1
RCBvsGT_image_85.jpg,Train,1,19,0,0,1,0,0,0,0,0,0,0
SRHvsRR_image_91.jpg,Train,3,10,0,0,0,0,0,0,0,3,0,0
GTvsLSG_image_18.jpg,Train,2,9,0,0,2,0,0,0,0,0,0,0
GTvsMI_image_83.jpg,Train,2,7,0,0,1,0,0,1,0,0,0,0
SRHvsDC_image_53.jpg,Train,1,6,0,0,0,0,0,0,0,0,0,1
MIvsKKR_image_100.jpg,Train,2,14,0,0,0,0,0,2,0,0,0,0
RCBvsRR_image_7.jpg,Train,1,10,0,0,0,0,0,0,0,1,0,0
KKRvsPBKS_image_21.jpg,Train,1,10,0,0,0,0,0,0,1,0,0,0
KKRvsLSG_image_44.jpg,Train,2,9,0,0,0,2,0,0,0,0,0,0
RCBvsPBKS_image_210.jpg,Train,1,13,0,0,0,0,0,0,0,0,1,0
MIvsKKR_image_10.jpg,Train,1,14,0,0,0,0,0,1,0,0,0,0
MIvsRCB_image_114.jpg,Train,2,28,0,0,0,0,0,0,1,0,1,0
PBKSvsCSK_image_142.jpg,Train,1,9,1,0,0,0,0,0,0,0,0,0
MIvsDC_image_194.jpg,Train,0,0,0,0,0,0,0,0,0,0,0,0
SRHvsDC_image_148.jpg,Train,1,13,0,0,0,0,0,0,0,0,0,1
SRHvsMI_image_154.jpg,Train,2,16,0,0,0,0,0,2,0,0,0,0
KKRvsLSG_image_5.jpg,Train,2,7,0,0,0,2,0,0,0,0,0,0
GTvsLSG_image_28.jpg,Train,4,14,0,0,3,0,1,0,0,0,0,0
GTvsLSG_image_52.jpg,Train,1,7,0,0,0,0,1,0,0,0,0,0
RRvsLSG_image_103.jpg,Train,1,5,0,0,0,0,0,0,0,1,0,0
SRHvsPBKS_image_60.jpg,Train,1,15,0,0,0,0,0,0,0,0,0,1
LSGvsMI_image_152.jpg,Train,1,5,0,0,0,0,0,1,0,0,0,0
GTvsRR_image_117.jpg,Train,1,17,0,0,1,0,0,0,0,0,0,0
KKRvsCSK_image_241.jpg,Train,1,25,1,0,0,0,0,0,0,0,0,0
KKRvsLSG_image_25.jpg,Train,0,0,0,0,0,0,0,0,0,0,0,0
MIvsRCB_image_145.jpg,Train,1,3,0,0,0,0,0,0,0,0,1,0
PBKSvsCSK_image_134.jpg,Train,2,18,1,0,0,0,0,0,1,0,0,0
KKRvsCSK_image_123.jpg,Train,1,3,1,0,0,0,0,0,0,0,0,0
SRHvsDC_image_31.jpg,Train,1,7,0,1,0,0,0,0,0,0,0,0
KKRvsLSG_image_123.jpg,Train,3,5,0,0,0,2,1,0,0,0,0,0
SRHvsMI_image_149.jpg,Train,1,11,0,0,0,0,0,1,0,0,0,0
SRHvsPBKS_image_135.jpg,Train,1,3,0,0,0,0,0,0,1,0,0,0
GTvsSRH_image_46.jpg,Train,1,6,0,0,0,0,0,0,0,0,0,1
SRHvsMI_image_126.jpg,Train,1,7,0,0,0,0,0,1,0,0,0,0
SRHvsMI_image_67.jpg,Train,1,13,0,0,0,0,0,0,0,0,0,1
RCBvsGT_image_32.jpg,Train,3,9,0,0,1,0,0,0,0,0,2,0
KKRvsSRH_image_41.jpg,Train,2,18,0,0,0,1,0,0,0,0,0,1
LSGvsMI_image_107.jpg,Train,1,5,0,0,0,0,0,1,0,0,0,0
SRHvsDC_image_131.jpg,Train,2,6,0,1,0,0,0,0,0,0,0,1
LSGvsCSK_image_109.jpg,Train,1,12,1,0,0,0,0,0,0,0,0,0
PBKSvsMI_image_23.jpg,Train,1,8,0,0,0,0,0,0,1,0,0,0
GTvsMI_image_111.jpg,Train,1,10,0,0,0,0,0,1,0,0,0,0
RRvsLSG_image_85.jpg,Train,1,2,0,0,0,0,0,0,0,1,0,0
GTvsRR_image_138.jpg,Train,2,7,0,0,1,0,0,0,0,1,0,0
KKRvsCSK_image_130.jpg,Train,1,7,1,0,0,0,0,0,0,0,0,0
KKRvsLSG_image_42.jpg,Train,2,17,0,0,0,1,1,0,0,0,0,0
KKRvsSRH_image_110.jpg,Train,1,7,0,0,0,0,0,0,0,0,0,1
KKRvsSRH_image_35.jpg,Train,1,13,0,0,0,1,0,0,0,0,0,0
KKRvsCSK_image_316.jpg,Train,1,18,0,0,0,1,0,0,0,0,0,0
KKRvsPBKS_image_169.jpg,Train,1,6,0,0,0,1,0,0,0,0,0,0
PBKSvsDC_image_87.jpg,Train,2,12,0,1,0,0,0,0,1,0,0,0
KKRvsPBKS_image_135.jpg,Train,1,8,0,0,0,1,0,0,0,0,0,0
KKRvsCSK_image_229.jpg,Train,3,25,0,0,0,1,0,2,0,0,0,0
KKRvsPBKS_image_103.jpg,Train,3,9,0,0,0,0,0,0,3,0,0,0
GTvsLSG_image_304.jpg,Train,1,3,0,0,0,0,1,0,0,0,0,0
LSGvsCSK_image_18.jpg,Train,1,6,1,0,0,0,0,0,0,0,0,0
SRHvsPBKS_image_123.jpg,Train,1,7,0,0,0,0,0,0,0,0,0,1
SRHvsDC_image_144.jpg,Train,1,7,0,1,0,0,0,0,0,0,0,0
SRHvsMI_image_217.jpg,Train,3,10,0,0,0,0,0,3,0,0,0,0
PBKSvsDC_image_39.jpg,Train,1,6,0,0,0,0,0,0,1,0,0,0
KKRvsRR_image_65.jpg,Train,2,8,0,0,0,1,0,0,0,1,0,0
PBKSvsCSK_image_66.jpg,Train,1,6,1,0,0,0,0,0,0,0,0,0
GTvsMI_image_221.jpg,Train,1,10,0,0,1,0,0,0,0,0,0,0
LSGvsMI_image_141.jpg,Train,1,6,0,0,0,0,1,0,0,0,0,0
KKRvsCSK_image_106.jpg,Train,1,7,1,0,0,0,0,0,0,0,0,0
PBKSvsDC_image_70.jpg,Train,4,7,0,2,0,0,0,0,2,0,0,0
SRHvsDC_image_104.jpg,Train,4,9,0,1,0,0,0,0,0,0,0,3
RCBvsRR_image_54.jpg,Train,2,15,0,0,0,0,0,0,0,1,1,0
SRHvsMI_image_252.jpg,Train,2,19,0,0,0,0,0,1,0,0,0,1
RCBvsSRH_image_184.jpg,Train,2,22,0,0,0,0,0,0,0,0,1,1
KKRvsLSG_image_133.jpg,Train,1,3,0,0,0,1,0,0,0,0,0,0
KKRvsSRH_image_188.jpg,Train,1,10,0,0,0,0,0,0,0,0,0,1
KKRvsPBKS_image_63.jpg,Train,1,12,0,0,0,0,0,0,1,0,0,0
KKRvsSRH_image_76.jpg,Train,1,8,0,0,0,0,0,0,0,0,0,1
KKRvsSRH_image_20.jpg,Train,1,16,0,0,0,0,0,0,0,0,0,1
SRHvsMI_image_244.jpg,Train,1,8,0,0,0,0,0,0,0,0,0,1
RRvsLSG_image_19.jpg,Train,2,6,0,0,0,0,1,1,0,0,0,0
LSGvsRCB_image_9.jpg,Train,1,6,0,0,0,0,0,0,0,0,1,0
KKRvsPBKS_image_191.jpg,Train,2,11,0,0,0,1,0,0,1,0,0,0
RCBvsCSK_image_27.jpg,Train,1,7,0,0,0,0,0,0,0,0,1,0
LSGvsRCB_image_97.jpg,Train,1,2,0,0,0,0,1,0,0,0,0,0
KKRvsPBKS_image_128.jpg,Train,2,7,0,0,0,2,0,0,0,0,0,0
KKRvsCSK_image_66.jpg,Train,1,18,1,0,0,0,0,0,0,0,0,0
RCBvsGT_image_80.jpg,Train,1,6,0,0,0,0,0,0,0,0,1,0
KKRvsLSG_image_90.jpg,Train,1,3,0,0,0,1,0,0,0,0,0,0
KKRvsSRH_image_71.jpg,Train,2,23,0,0,0,1,0,0,0,0,0,1
GTvsMI_image_122.jpg,Train,1,7,0,0,0,0,0,1,0,0,0,0
SRHvsRR_image_43.jpg,Train,1,8,0,0,0,0,0,0,0,1,0,0
GTvsMI_image_219.jpg,Train,4,13,0,0,2,0,0,2,0,0,0,0
GTvsPBKS_image_11.jpg,Train,1,23,0,0,1,0,0,0,0,0,0,0
KKRvsPBKS_image_202.jpg,Train,1,1,0,0,0,0,0,0,1,0,0,0
LSGvsSRH_image_214.jpg,Train,1,32,0,0,0,0,1,0,0,0,0,0
RCBvsRR_image_112.jpg,Train,3,9,0,0,0,0,0,0,0,2,1,0
PBKSvsCSK_image_212.jpg,Train,1,6,0,0,0,0,0,0,1,0,0,0
KKRvsPBKS_image_154.jpg,Train,2,5,0,0,0,1,0,0,1,0,0,0
PBKSvsMI_image_121.jpg,Train,3,20,0,0,0,0,0,1,2,0,0,0
GTvsMI_image_246.jpg,Train,1,3,0,0,0,0,0,1,0,0,0,0
SRHvsMI_image_150.jpg,Train,2,43,0,0,0,0,0,1,0,0,0,1
MIvsKKR_image_40.jpg,Train,1,33,0,0,0,0,0,1,0,0,0,0
RCBvsRR_image_21.jpg,Train,2,7,0,0,0,0,0,0,0,1,1,0
RRvsCSK_image_166.jpg,Train,2,10,1,0,0,0,0,0,0,1,0,0
SRHvsRR_image_110.jpg,Train,1,33,0,0,0,0,0,0,0,1,0,0
KKRvsPBKS_image_19.jpg,Train,2,13,0,0,0,1,0,0,1,0,0,0
RCBvsPBKS_image_87.jpg,Train,2,11,0,0,0,0,0,0,1,0,1,0
MIvsDC_image_270.jpg,Train,1,4,0,1,0,0,0,0,0,0,0,0
KKRvsLSG_image_31.jpg,Train,1,6,0,0,0,1,0,0,0,0,0,0
PBKSvsDC_image_65.jpg,Train,3,16,0,3,0,0,0,0,0,0,0,0
MIvsKKR_image_37.jpg,Train,1,18,0,0,0,0,0,1,0,0,0,0
GTvsRR_image_8.jpg,Train,1,13,0,0,1,0,0,0,0,0,0,0
KKRvsCSK_image_111.jpg,Train,1,9,0,0,0,1,0,0,0,0,0,0
PBKSvsCSK_image_248.jpg,Train,2,14,1,0,0,0,0,0,1,0,0,0
MIvsKKR_image_15.jpg,Train,2,25,0,0,0,2,0,0,0,0,0,0
KKRvsCSK_image_12.jpg,Train,1,14,0,0,0,1,0,0,0,0,0,0
PBKSvsCSK_image_259.jpg,Train,1,6,1,0,0,0,0,0,0,0,0,0
LSGvsCSK_image_24.jpg,Train,3,15,0,0,0,0,3,0,0,0,0,0
SRHvsPBKS_image_90.jpg,Train,1,15,0,0,0,0,0,0,0,0,0,1
RCBvsSRH_image_64.jpg,Train,1,4,0,0,0,0,0,0,0,0,1,0
LSGvsMI_image_64.jpg,Train,1,6,0,0,0,0,0,1,0,0,0,0
LSGvsMI_image_11.jpg,Train,1,13,0,0,0,0,1,0,0,0,0,0
RRvsLSG_image_21.jpg,Train,2,4,0,0,0,0,1,0,0,1,0,0
RCBvsRR_image_6.jpg,Train,2,13,0,0,0,0,0,0,0,0,2,0
MIvsKKR_image_4.jpg,Train,1,3,0,0,0,0,0,1,0,0,0,0
MIvsKKR_image_24.jpg,Train,1,4,0,0,0,0,0,1,0,0,0,0
PBKSvsMI_image_127.jpg,Train,2,10,0,0,0,0,0,1,1,0,0,0
MIvsCSK_image_43.jpg,Train,1,7,1,0,0,0,0,0,0,0,0,0
RRvsMI_image_84.jpg,Train,2,27,0,0,0,0,0,1,0,1,0,0
PBKSvsCSK_image_163.jpg,Train,1,6,1,0,0,0,0,0,0,0,0,0
MIvsKKR_image_1.jpg,Train,1,13,0,0,0,0,0,1,0,0,0,0
RRvsLSG_image_34.jpg,Train,1,3,0,0,0,0,1,0,0,0,0,0
KKRvsCSK_image_160.jpg,Train,1,7,1,0,0,0,0,0,0,0,0,0
LSGvsSRH_image_242.jpg,Train,1,5,0,0,0,0,1,0,0,0,0,0
KKRvsSRH_image_94.jpg,Train,3,19,0,0,0,1,0,0,0,0,0,2
MIvsCSK_image_172.jpg,Train,3,10,1,0,0,0,0,2,0,0,0,0
KKRvsLSG_image_120.jpg,Train,5,14,0,0,0,1,2,1,0,0,0,1
SRHvsRR_image_165.jpg,Train,2,17,0,0,0,0,0,0,0,1,0,1
RRvsMI_image_6.jpg,Train,1,10,0,0,0,0,0,1,0,0,0,0
LSGvsSRH_image_190.jpg,Train,2,8,0,0,0,0,1,0,0,0,0,1
RCBvsSRH_image_14.jpg,Train,1,13,0,0,0,0,0,0,0,0,1,0
SRHvsPBKS_image_4.jpg,Train,1,8,0,0,0,0,0,0,1,0,0,0
RRvsLSG_image_97.jpg,Train,2,4,0,0,0,0,1,0,0,1,0,0
KKRvsLSG_image_21.jpg,Train,1,6,0,0,0,0,1,0,0,0,0,0
LSGvsCSK_image_83.jpg,Train,1,4,0,0,0,0,1,0,0,0,0,0
SRHvsRR_image_141.jpg,Train,1,21,0,0,0,0,0,0,0,1,0,0
KKRvsRR_image_28.jpg,Train,1,7,0,0,0,0,0,0,0,1,0,0
RRvsMI_image_46.jpg,Train,1,11,0,0,0,0,0,1,0,0,0,0
MIvsCSK_image_136.jpg,Train,1,1,0,0,0,0,0,1,0,0,0,0
LSGvsMI_image_1.jpg,Train,1,5,0,0,0,0,1,0,0,0,0,0
SRHvsDC_image_51.jpg,Train,1,2,0,0,0,0,0,0,0,0,0,1
PBKSvsCSK_image_230.jpg,Train,1,6,0,0,0,0,0,0,1,0,0,0
LSGvsRCB_image_189.jpg,Train,1,7,0,0,0,0,0,0,0,0,1,0
RCBvsSRH_image_154.jpg,Train,1,9,0,0,0,0,0,0,0,0,0,1
RCBvsGT_image_130.jpg,Train,1,5,0,0,1,0,0,0,0,0,0,0
RCBvsGT_image_2.jpg,Train,1,8,0,0,0,0,0,0,0,0,1,0
RCBvsGT_image_8.jpg,Train,1,6,0,0,0,0,0,0,0,0,1,0
RRvsLSG_image_74.jpg,Train,1,8,0,0,0,0,0,0,0,1,0,0
PBKSvsDC_image_15.jpg,Train,3,12,0,2,0,0,0,0,1,0,0,0
KKRvsCSK_image_2.jpg,Train,1,8,0,0,0,1,0,0,0,0,0,0
GTvsPBKS_image_107.jpg,Train,2,6,0,0,1,0,0,0,1,0,0,0
MIvsDC_image_37.jpg,Train,2,6,0,1,0,0,0,1,0,0,0,0
PBKSvsCSK_image_145.jpg,Train,2,16,1,0,0,0,0,0,1,0,0,0
GTvsSRH_image_26.jpg,Train,1,5,0,0,0,0,0,0,0,0,0,1
RCBvsRR_image_16.jpg,Train,1,6,0,0,0,0,0,0,0,0,1,0
RRvsLSG_image_0.jpg,Train,1,3,0,0,0,0,0,0,0,1,0,0
MIvsRCB_image_148.jpg,Train,1,2,0,0,0,0,0,0,0,0,1,0
KKRvsSRH_image_185.jpg,Train,1,8,0,0,0,1,0,0,0,0,0,0
SRHvsRR_image_27.jpg,Train,1,10,0,0,0,0,0,0,0,1,0,0
KKRvsCSK_image_18.jpg,Train,1,4,1,0,0,0,0,0,0,0,0,0
GTvsMI_image_209.jpg,Train,1,12,0,0,0,0,0,1,0,0,0,0
GTvsMI_image_124.jpg,Train,2,12,0,0,1,0,0,1,0,0,0,0
PBKSvsMI_image_90.jpg,Train,4,9,0,0,0,0,0,2,2,0,0,0
GTvsPBKS_image_56.jpg,Train,4,11,0,0,0,0,0,0,3,0,0,1
SRHvsPBKS_image_62.jpg,Train,2,7,0,0,0,0,0,0,1,0,0,1
KKRvsPBKS_image_52.jpg,Train,2,4,0,0,0,1,0,0,1,0,0,0
MIvsKKR_image_31.jpg,Train,1,8,0,0,0,0,0,1,0,0,0,0
SRHvsPBKS_image_63.jpg,Train,1,8,0,0,0,0,0,0,0,0,0,1
MIvsDC_image_22.jpg,Train,1,21,0,0,0,0,0,1,0,0,0,0
RCBvsGT_image_55.jpg,Train,1,9,0,0,0,0,0,0,0,0,1,0
KKRvsPBKS_image_164.jpg,Train,1,2,0,0,0,0,0,0,1,0,0,0
GTvsRR_image_183.jpg,Train,1,10,0,0,0,0,0,0,0,1,0,0
KKRvsSRH_image_24.jpg,Train,1,15,0,0,0,1,0,0,0,0,0,0
SRHvsMI_image_29.jpg,Train,1,12,0,0,0,0,0,0,0,0,0,1
KKRvsCSK_image_277.jpg,Train,1,6,0,0,0,1,0,0,0,0,0,0
RCBvsSRH_image_0.jpg,Train,2,19,0,0,0,0,0,0,0,0,1,1
RRvsMI_image_75.jpg,Train,3,14,0,0,0,0,0,2,0,1,0,0
MIvsRCB_image_10.jpg,Train,1,11,0,0,0,0,0,0,0,0,1,0
SRHvsDC_image_39.jpg,Train,1,21,0,1,0,0,0,0,0,0,0,0
SRHvsMI_image_216.jpg,Train,1,12,0,0,0,0,0,1,0,0,0,0
PBKSvsCSK_image_32.jpg,Train,1,5,0,0,0,0,0,0,1,0,0,0
SRHvsPBKS_image_79.jpg,Train,2,9,0,0,0,0,0,0,2,0,0,0
GTvsMI_image_248.jpg,Train,1,13,0,0,1,0,0,0,0,0,0,0
SRHvsDC_image_108.jpg,Train,3,14,0,2,0,0,0,0,0,0,0,1
RRvsLSG_image_102.jpg,Train,1,3,0,0,0,0,0,0,0,1,0,0
KKRvsGT_image_174.jpg,Train,1,10,0,0,1,0,0,0,0,0,0,0
GTvsLSG_image_11.jpg,Train,1,4,0,0,0,0,1,0,0,0,0,0
SRHvsPBKS_image_142.jpg,Train,1,2,0,0,0,0,0,0,1,0,0,0
PBKSvsCSK_image_181.jpg,Train,2,6,1,0,0,0,0,0,1,0,0,0
PBKSvsMI_image_56.jpg,Train,2,15,0,0,0,0,0,2,0,0,0,0
KKRvsRCB_image_131.jpg,Train,2,2,0,0,0,0,0,0,0,0,2,0
KKRvsPBKS_image_174.jpg,Train,1,2,0,0,0,0,0,0,1,0,0,0
KKRvsSRH_image_247.jpg,Train,1,7,0,0,0,0,0,0,0,0,0,1
GTvsRR_image_179.jpg,Train,2,11,0,0,2,0,0,0,0,0,0,0
LSGvsRCB_image_230.jpg,Train,1,7,0,0,0,0,1,0,0,0,0,0
SRHvsPBKS_image_37.jpg,Train,1,3,0,0,0,0,0,0,1,0,0,0
SRHvsMI_image_166.jpg,Train,1,21,0,0,0,0,0,1,0,0,0,0
SRHvsMI_image_189.jpg,Train,2,19,0,0,0,0,0,0,0,0,0,2
SRHvsMI_image_182.jpg,Train,1,10,0,0,0,0,0,1,0,0,0,0
PBKSvsDC_image_7.jpg,Train,2,12,0,1,0,0,0,0,1,0,0,0
RCBvsSRH_image_58.jpg,Train,1,23,0,0,0,0,0,0,0,0,0,1
PBKSvsCSK_image_51.jpg,Train,1,12,0,0,0,0,0,0,1,0,0,0
KKRvsRR_image_29.jpg,Train,2,11,0,0,0,1,0,0,0,1,0,0
MIvsDC_image_54.jpg,Train,1,5,0,0,0,0,0,1,0,0,0,0
SRHvsMI_image_27.jpg,Train,1,19,0,0,0,0,0,0,0,0,0,1
GTvsPBKS_image_24.jpg,Train,2,19,0,0,1,0,0,0,1,0,0,0
SRHvsMI_image_222.jpg,Train,1,10,0,0,0,0,0,0,0,0,0,1
KKRvsSRH_image_118.jpg,Train,2,14,0,0,0,1,0,1,0,0,0,0
PBKSvsCSK_image_19.jpg,Train,2,10,0,0,0,0,0,0,2,0,0,0
MIvsRCB_image_136.jpg,Train,1,5,0,0,0,0,0,1,0,0,0,0
LSGvsSRH_image_281.jpg,Train,2,12,0,0,0,0,1,0,0,0,0,1
RCBvsSRH_image_5.jpg,Train,3,17,0,0,0,0,0,0,0,0,3,0
RRvsMI_image_14.jpg,Train,2,7,0,0,0,0,0,0,0,2,0,0
RRvsMI_image_60.jpg,Train,1,4,0,0,0,0,0,1,0,0,0,0
RCBvsPBKS_image_57.jpg,Train,2,9,0,0,0,0,0,0,0,0,2,0
KKRvsSRH_image_140.jpg,Train,1,9,0,0,0,0,0,0,0,0,0,1
PBKSvsDC_image_89.jpg,Train,2,9,0,2,0,0,0,0,0,0,0,0
SRHvsMI_image_114.jpg,Train,1,15,0,0,0,0,0,1,0,0,0,0
MIvsCSK_image_314.jpg,Train,3,3,2,0,0,0,0,1,0,0,0,0
PBKSvsMI_image_78.jpg,Train,3,9,0,0,0,0,0,1,2,0,0,0
RRvsLSG_image_62.jpg,Train,1,21,0,0,0,0,1,0,0,0,0,0
SRHvsMI_image_89.jpg,Train,1,11,0,0,0,0,0,0,0,0,0,1
KKRvsPBKS_image_157.jpg,Train,2,11,0,0,0,1,0,0,1,0,0,0
RCBvsRR_image_120.jpg,Train,2,21,0,0,0,0,0,0,0,0,2,0
KKRvsSRH_image_239.jpg,Train,3,14,0,0,0,2,0,0,0,0,0,1
MIvsDC_image_13.jpg,Train,1,13,0,1,0,0,0,0,0,0,0,0
GTvsRR_image_28.jpg,Train,1,17,0,0,1,0,0,0,0,0,0,0
KKRvsRCB_image_132.jpg,Train,1,7,0,0,0,0,0,0,0,0,1,0
KKRvsPBKS_image_192.jpg,Train,1,2,0,0,0,0,0,0,1,0,0,0
SRHvsRR_image_84.jpg,Train,1,7,0,0,0,0,0,0,0,1,0,0
GTvsSRH_image_78.jpg,Train,1,23,0,0,1,0,0,0,0,0,0,0
KKRvsRCB_image_109.jpg,Train,1,3,0,0,0,0,0,0,0,0,1,0
PBKSvsCSK_image_22.jpg,Train,1,6,0,0,0,0,0,0,1,0,0,0
MIvsDC_image_340.jpg,Train,3,9,0,0,0,0,0,3,0,0,0,0
MIvsDC_image_345.jpg,Train,4,14,0,0,0,0,0,4,0,0,0,0
KKRvsRR_image_215.jpg,Train,2,9,0,0,0,1,0,0,0,1,0,0
KKRvsLSG_image_48.jpg,Train,1,6,0,0,0,1,0,0,0,0,0,0
KKRvsCSK_image_315.jpg,Train,2,14,0,0,0,2,0,0,0,0,0,0
RCBvsCSK_image_374.jpg,Train,1,3,1,0,0,0,0,0,0,0,0,0
LSGvsCSK_image_121.jpg,Train,3,14,1,0,0,0,2,0,0,0,0,0
SRHvsMI_image_260.jpg,Train,1,15,0,0,0,0,0,1,0,0,0,0
PBKSvsCSK_image_196.jpg,Train,1,13,1,0,0,0,0,0,0,0,0,0
GTvsLSG_image_165.jpg,Train,1,3,0,0,0,0,1,0,0,0,0,0
KKRvsSRH_image_60.jpg,Train,1,12,0,0,0,0,0,0,0,0,0,1
KKRvsSRH_image_8.jpg,Train,2,20,0,0,0,1,0,0,0,0,0,1
GTvsRR_image_11.jpg,Train,1,8,0,0,0,0,0,0,0,1,0,0
SRHvsMI_image_102.jpg,Train,1,6,0,0,0,0,0,0,0,0,0,1
GTvsPBKS_image_63.jpg,Train,2,3,0,0,1,0,0,0,1,0,0,0
SRHvsPBKS_image_143.jpg,Train,1,8,0,0,0,0,0,0,0,0,0,1
KKRvsSRH_image_67.jpg,Train,1,26,0,0,0,0,0,0,0,0,0,1
LSGvsCSK_image_23.jpg,Train,1,6,0,0,0,0,1,0,0,0,0,0
MIvsDC_image_336.jpg,Train,0,0,0,0,0,0,0,0,0,0,0,0
RRvsMI_image_89.jpg,Train,1,6,0,0,0,0,0,0,0,1,0,0
RCBvsCSK_image_141.jpg,Train,2,8,1,0,0,0,0,0,0,0,1,0
RRvsCSK_image_254.jpg,Train,1,5,1,0,0,0,0,0,0,0,0,0
GTvsRR_image_192.jpg,Train,2,9,0,0,2,0,0,0,0,0,0,0
RCBvsDC_image_3.jpg,Train,1,4,0,1,0,0,0,0,0,0,0,0
KKRvsSRH_image_129.jpg,Train,1,9,0,0,0,1,0,0,0,0,0,0
PBKSvsDC_image_6.jpg,Train,1,2,0,0,0,0,0,0,1,0,0,0
MIvsRCB_image_141.jpg,Train,1,3,0,0,0,0,0,0,0,0,1,0
SRHvsPBKS_image_119.jpg,Train,1,5,0,0,0,0,0,0,0,0,0,1
KKRvsSRH_image_241.jpg,Train,1,18,0,0,0,1,0,0,0,0,0,0
RRvsLSG_image_23.jpg,Train,3,7,0,0,0,0,0,1,0,2,0,0
KKRvsPBKS_image_13.jpg,Train,4,17,0,0,0,0,0,0,2,0,2,0
RCBvsGT_image_64.jpg,Train,1,6,0,0,0,0,0,0,0,0,1,0
KKRvsPBKS_image_189.jpg,Train,1,1,0,0,0,0,0,0,1,0,0,0
KKRvsSRH_image_107.jpg,Train,1,32,0,0,0,0,0,0,0,0,0,1
PBKSvsDC_image_20.jpg,Train,1,5,0,0,0,0,0,0,1,0,0,0
PBKSvsCSK_image_113.jpg,Train,2,9,1,0,0,0,0,0,1,0,0,0
GTvsMI_image_276.jpg,Train,1,5,0,0,0,0,0,1,0,0,0,0
PBKSvsCSK_image_95.jpg,Train,1,8,0,0,0,0,0,0,1,0,0,0
MIvsCSK_image_301.jpg,Train,1,3,0,0,0,0,0,1,0,0,0,0
LSGvsMI_image_192.jpg,Train,1,4,0,0,0,0,1,0,0,0,0,0
KKRvsPBKS_image_222.jpg,Train,1,4,0,0,0,0,0,0,1,0,0,0
KKRvsLSG_image_4.jpg,Train,2,8,0,0,0,1,1,0,0,0,0,0
KKRvsLSG_image_61.jpg,Train,1,9,0,0,0,0,1,0,0,0,0,0
RCBvsCSK_image_151.jpg,Train,4,12,1,0,0,0,0,0,1,0,2,0
PBKSvsCSK_image_159.jpg,Train,2,8,2,0,0,0,0,0,0,0,0,0
RRvsCSK_image_128.jpg,Train,2,24,1,0,0,0,0,0,0,1,0,0
KKRvsPBKS_image_147.jpg,Train,3,11,0,0,0,3,0,0,0,0,0,0
KKRvsSRH_image_117.jpg,Train,1,9,0,0,0,1,0,0,0,0,0,0
KKRvsSRH_image_281.jpg,Train,1,21,0,0,0,0,0,0,0,0,0,1
GTvsLSG_image_152.jpg,Train,1,13,0,0,0,0,1,0,0,0,0,0
MIvsCSK_image_154.jpg,Train,2,9,1,0,0,0,0,1,0,0,0,0
KKRvsPBKS_image_188.jpg,Train,1,3,0,0,0,1,0,0,0,0,0,0
MIvsDC_image_42.jpg,Train,2,5,0,2,0,0,0,0,0,0,0,0
RCBvsCSK_image_359.jpg,Train,2,7,1,0,0,0,0,0,0,0,1,0
RRvsCSK_image_217.jpg,Train,1,16,1,0,0,0,0,0,0,0,0,0
SRHvsDC_image_136.jpg,Train,2,13,0,1,0,0,0,0,0,0,0,1
SRHvsDC_image_30.jpg,Train,1,6,0,0,0,0,0,0,0,0,0,1
SRHvsMI_image_197.jpg,Train,4,30,0,0,0,0,0,2,0,0,0,2
KKRvsPBKS_image_114.jpg,Train,1,2,0,0,0,1,0,0,0,0,0,0
KKRvsCSK_image_314.jpg,Train,1,21,0,0,0,1,0,0,0,0,0,0
SRHvsDC_image_166.jpg,Train,0,0,0,0,0,0,0,0,0,0,0,0
RCBvsSRH_image_26.jpg,Train,1,13,0,0,0,0,0,0,0,0,0,1
KKRvsGT_image_139.jpg,Train,1,4,0,0,0,1,0,0,0,0,0,0
SRHvsMI_image_100.jpg,Train,1,12,0,0,0,0,0,1,0,0,0,0
SRHvsDC_image_63.jpg,Train,1,3,0,1,0,0,0,0,0,0,0,0
KKRvsPBKS_image_24.jpg,Train,2,4,0,0,0,1,0,0,1,0,0,0
KKRvsSRH_image_269.jpg,Train,1,14,0,0,0,1,0,0,0,0,0,0
LSGvsMI_image_75.jpg,Train,1,14,0,0,0,0,0,1,0,0,0,0
MIvsDC_image_280.jpg,Train,1,5,0,1,0,0,0,0,0,0,0,0
RCBvsCSK_image_167.jpg,Train,2,8,1,0,0,0,0,0,0,0,1,0
KKRvsSRH_image_265.jpg,Train,2,22,0,0,0,1,0,0,0,0,0,1
KKRvsSRH_image_165.jpg,Train,2,42,0,0,0,1,0,0,0,0,0,1
KKRvsPBKS_image_88.jpg,Train,1,2,0,0,0,1,0,0,0,0,0,0
KKRvsSRH_image_161.jpg,Train,2,5,0,0,0,1,0,0,0,0,0,1
KKRvsPBKS_image_140.jpg,Train,1,4,0,0,0,0,0,0,1,0,0,0
KKRvsPBKS_image_160.jpg,Train,1,6,0,0,0,0,0,0,1,0,0,0
GTvsSRH_image_221.jpg,Train,1,6,0,0,0,0,0,0,0,0,0,1
KKRvsRR_image_119.jpg,Train,1,7,0,0,0,1,0,0,0,0,0,0
KKRvsRR_image_109.jpg,Train,1,10,0,0,0,1,0,0,0,0,0,0
GTvsRR_image_132.jpg,Train,1,10,0,0,1,0,0,0,0,0,0,0
RRvsMI_image_24.jpg,Train,1,14,0,0,0,0,0,0,0,1,0,0
KKRvsLSG_image_18.jpg,Train,1,8,0,0,0,1,0,0,0,0,0,0
LSGvsMI_image_129.jpg,Train,1,7,0,0,0,0,0,1,0,0,0,0
MIvsRCB_image_112.jpg,Train,1,9,0,0,0,0,0,0,0,0,1,0
MIvsRCB_image_20.jpg,Train,1,8,0,0,0,0,0,0,0,0,1,0
KKRvsSRH_image_126.jpg,Train,2,20,0,0,0,1,0,0,0,0,0,1
KKRvsSRH_image_189.jpg,Train,2,15,0,0,0,1,0,0,0,0,0,1
RRvsMI_image_47.jpg,Train,2,22,0,0,0,0,0,1,0,1,0,0
GTvsMI_image_260.jpg,Train,2,6,0,0,2,0,0,0,0,0,0,0
RCBvsSRH_image_11.jpg,Train,1,5,0,0,0,0,0,0,0,0,1,0
LSGvsCSK_image_79.jpg,Train,1,7,0,0,0,0,1,0,0,0,0,0
SRHvsMI_image_145.jpg,Train,1,10,0,0,0,0,0,1,0,0,0,0
KKRvsPBKS_image_130.jpg,Train,2,22,0,0,0,2,0,0,0,0,0,0
PBKSvsCSK_image_45.jpg,Train,2,16,2,0,0,0,0,0,0,0,0,0
PBKSvsCSK_image_211.jpg,Train,2,26,1,0,0,0,0,0,1,0,0,0
RCBvsPBKS_image_15.jpg,Train,2,19,0,0,0,0,0,0,0,0,2,0
PBKSvsCSK_image_168.jpg,Train,2,10,1,0,0,0,0,0,1,0,0,0
SRHvsMI_image_48.jpg,Train,1,9,0,0,0,0,0,1,0,0,0,0
SRHvsMI_image_63.jpg,Train,2,12,0,0,0,0,0,1,0,0,0,1
MIvsRCB_image_131.jpg,Train,1,5,0,0,0,0,0,1,0,0,0,0
PBKSvsDC_image_11.jpg,Train,1,4,0,0,0,0,0,0,1,0,0,0
KKRvsGT_image_213.jpg,Train,1,7,0,0,0,1,0,0,0,0,0,0
RCBvsSRH_image_146.jpg,Train,2,7,0,0,0,0,0,0,0,0,1,1
RCBvsDC_image_12.jpg,Train,1,6,0,0,0,0,0,0,0,0,1,0
LSGvsRCB_image_187.jpg,Train,3,15,0,0,0,0,3,0,0,0,0,0
KKRvsPBKS_image_149.jpg,Train,3,9,0,0,0,0,0,0,3,0,0,0
SRHvsMI_image_151.jpg,Train,1,6,0,0,0,0,0,0,0,0,0,1
SRHvsMI_image_171.jpg,Train,1,10,0,0,0,0,0,0,0,0,0,1
KKRvsPBKS_image_5.jpg,Train,1,12,0,0,0,0,0,0,1,0,0,0
PBKSvsCSK_image_214.jpg,Train,3,19,3,0,0,0,0,0,0,0,0,0
RCBvsGT_image_22.jpg,Train,1,6,0,0,0,0,0,0,0,0,1,0
GTvsMI_image_271.jpg,Train,1,3,0,0,0,0,0,1,0,0,0,0
KKRvsSRH_image_154.jpg,Train,2,35,0,0,0,1,0,0,0,0,0,1
MIvsDC_image_346.jpg,Train,1,10,0,1,0,0,0,0,0,0,0,0
LSGvsRCB_image_174.jpg,Train,2,8,0,0,0,0,1,0,0,0,1,0
RCBvsDC_image_62.jpg,Train,1,8,0,1,0,0,0,0,0,0,0,0
KKRvsLSG_image_113.jpg,Train,1,4,0,0,0,0,1,0,0,0,0,0
PBKSvsCSK_image_178.jpg,Train,1,16,0,0,0,0,0,0,1,0,0,0
MIvsCSK_image_25.jpg,Train,1,10,0,0,0,0,0,1,0,0,0,0
SRHvsPBKS_image_122.jpg,Train,4,7,0,0,0,0,0,0,0,0,0,4
PBKSvsMI_image_145.jpg,Train,2,11,0,0,0,0,0,1,1,0,0,0
SRHvsPBKS_image_16.jpg,Train,3,13,0,0,0,0,0,0,0,0,0,3
KKRvsSRH_image_9.jpg,Train,1,12,0,0,0,1,0,0,0,0,0,0
SRHvsMI_image_165.jpg,Train,3,24,0,0,0,0,0,1,0,0,0,2
MIvsCSK_image_189.jpg,Train,2,11,0,0,0,0,0,2,0,0,0,0
GTvsPBKS_image_12.jpg,Train,2,3,0,0,0,0,0,0,2,0,0,0
RCBvsPBKS_image_108.jpg,Train,5,16,0,0,0,0,0,0,3,0,2,0
GTvsRR_image_143.jpg,Train,1,9,0,0,0,0,0,0,0,1,0,0
MIvsRCB_image_14.jpg,Train,1,2,0,0,0,0,0,0,0,0,1,0
GTvsMI_image_79.jpg,Train,1,7,0,0,0,0,0,1,0,0,0,0
LSGvsCSK_image_33.jpg,Train,3,18,1,0,0,0,2,0,0,0,0,0
RRvsCSK_image_5.jpg,Train,2,8,1,0,0,0,0,0,0,1,0,0
MIvsCSK_image_66.jpg,Train,0,0,0,0,0,0,0,0,0,0,0,0
KKRvsSRH_image_221.jpg,Train,2,26,0,0,0,1,0,0,0,0,0,1
RCBvsGT_image_133.jpg,Train,1,3,0,0,1,0,0,0,0,0,0,0
MIvsDC_image_34.jpg,Train,1,6,0,0,0,0,0,1,0,0,0,0
SRHvsRR_image_39.jpg,Train,2,12,0,0,0,0,0,0,0,1,0,1
SRHvsPBKS_image_61.jpg,Train,1,2,0,0,0,0,0,0,1,0,0,0
MIvsDC_image_232.jpg,Train,2,2,0,0,0,0,0,2,0,0,0,0
PBKSvsCSK_image_55.jpg,Train,1,4,0,0,0,0,0,0,1,0,0,0
KKRvsLSG_image_136.jpg,Train,1,22,0,0,0,0,1,0,0,0,0,0
SRHvsPBKS_image_116.jpg,Train,3,13,0,0,0,0,0,0,1,0,0,2
KKRvsPBKS_image_67.jpg,Train,1,5,0,0,0,1,0,0,0,0,0,0
LSGvsSRH_image_34.jpg,Train,1,9,0,0,0,0,0,0,0,0,0,1
KKRvsSRH_image_92.jpg,Train,1,14,0,0,0,1,0,0,0,0,0,0
LSGvsRCB_image_31.jpg,Train,2,3,0,0,0,0,0,0,0,0,2,0
RCBvsCSK_image_406.jpg,Train,1,5,1,0,0,0,0,0,0,0,0,0
MIvsDC_image_30.jpg,Train,2,13,0,2,0,0,0,0,0,0,0,0
GTvsPBKS_image_30.jpg,Train,1,3,0,0,0,0,0,0,1,0,0,0
PBKSvsCSK_image_276.jpg,Train,1,2,1,0,0,0,0,0,0,0,0,0
GTvsPBKS_image_31.jpg,Train,2,5,0,0,0,0,0,0,1,0,1,0
GTvsLSG_image_285.jpg,Train,1,4,0,0,1,0,0,0,0,0,0,0
RCBvsSRH_image_48.jpg,Train,1,9,0,0,0,0,0,0,0,0,1,0
PBKSvsDC_image_78.jpg,Train,1,8,0,0,0,0,0,0,1,0,0,0
KKRvsLSG_image_85.jpg,Train,1,7,0,0,0,1,0,0,0,0,0,0
GTvsPBKS_image_108.jpg,Train,1,2,0,0,1,0,0,0,0,0,0,0
KKRvsPBKS_image_43.jpg,Train,2,14,0,0,0,2,0,0,0,0,0,0
KKRvsSRH_image_23.jpg,Train,3,24,0,0,0,1,0,0,0,0,0,2
KKRvsSRH_image_242.jpg,Train,1,14,0,0,0,1,0,0,0,0,0,0
MIvsDC_image_343.jpg,Train,2,16,0,0,0,0,0,2,0,0,0,0
RCBvsGT_image_26.jpg,Train,1,7,0,0,0,0,0,0,0,0,1,0
RRvsMI_image_13.jpg,Train,2,15,0,0,0,0,0,1,0,1,0,0
RCBvsDC_image_30.jpg,Train,2,7,0,0,0,0,0,0,1,0,1,0
GTvsRR_image_18.jpg,Train,1,22,0,0,1,0,0,0,0,0,0,0
MIvsDC_image_40.jpg,Train,1,6,0,1,0,0,0,0,0,0,0,0
KKRvsLSG_image_68.jpg,Train,1,7,0,0,0,0,1,0,0,0,0,0
KKRvsLSG_image_0.jpg,Train,2,7,0,0,0,1,1,0,0,0,0,0
GTvsSRH_image_230.jpg,Train,1,7,0,0,0,0,0,0,0,0,0,1
GTvsRR_image_200.jpg,Train,1,7,0,0,0,0,0,0,0,1,0,0
KKRvsPBKS_image_68.jpg,Train,3,6,0,0,0,0,0,0,2,0,1,0
RRvsMI_image_62.jpg,Train,2,11,0,0,0,0,0,1,0,1,0,0
KKRvsPBKS_image_186.jpg,Train,2,6,0,0,0,1,0,0,1,0,0,0
RCBvsDC_image_27.jpg,Train,1,8,0,0,0,0,0,0,0,0,1,0
PBKSvsDC_image_10.jpg,Train,4,16,0,2,0,0,0,0,2,0,0,0
KKRvsLSG_image_109.jpg,Train,3,12,0,0,0,0,3,0,0,0,0,0
SRHvsMI_image_82.jpg,Train,1,10,0,0,0,0,0,1,0,0,0,0
SRHvsDC_image_55.jpg,Train,1,9,0,1,0,0,0,0,0,0,0,0
MIvsCSK_image_116.jpg,Train,3,7,2,0,0,0,0,1,0,0,0,0
SRHvsMI_image_113.jpg,Train,1,13,0,0,0,0,0,0,0,0,0,1
KKRvsRCB_image_87.jpg,Train,1,4,0,0,0,1,0,0,0,0,0,0
GTvsSRH_image_33.jpg,Train,1,17,0,0,1,0,0,0,0,0,0,0
SRHvsPBKS_image_125.jpg,Train,2,5,0,0,0,0,0,0,1,0,0,1
SRHvsDC_image_87.jpg,Train,1,22,0,0,0,0,0,0,0,0,0,1
KKRvsRR_image_14.jpg,Train,1,6,0,0,0,0,0,0,0,1,0,0
RCBvsSRH_image_38.jpg,Train,1,9,0,0,0,0,0,0,0,0,0,1
KKRvsLSG_image_46.jpg,Train,1,12,0,0,0,0,1,0,0,0,0,0
SRHvsDC_image_160.jpg,Train,1,7,0,1,0,0,0,0,0,0,0,0
SRHvsDC_image_150.jpg,Train,1,6,0,0,0,0,0,0,0,0,0,1
LSGvsRCB_image_233.jpg,Train,1,11,0,0,0,0,0,0,0,0,1,0
RRvsCSK_image_147.jpg,Train,2,8,1,0,0,0,0,0,0,1,0,0
KKRvsSRH_image_125.jpg,Train,1,6,0,0,0,1,0,0,0,0,0,0
RCBvsRR_image_106.jpg,Train,1,13,0,0,0,0,0,0,0,1,0,0
KKRvsPBKS_image_139.jpg,Train,1,3,0,0,0,0,0,0,1,0,0,0
PBKSvsCSK_image_104.jpg,Train,1,9,0,0,0,0,0,0,1,0,0,0
PBKSvsCSK_image_116.jpg,Train,2,10,1,0,0,0,0,0,1,0,0,0
RCBvsSRH_image_3.jpg,Train,1,14,0,0,0,0,0,0,0,0,0,1
KKRvsLSG_image_19.jpg,Train,1,14,0,0,0,0,1,0,0,0,0,0
KKRvsCSK_image_142.jpg,Train,1,6,1,0,0,0,0,0,0,0,0,0
LSGvsRCB_image_43.jpg,Train,1,8,0,0,0,0,0,0,0,0,1,0
KKRvsSRH_image_7.jpg,Train,2,12,0,0,0,0,0,0,0,0,0,2
GTvsLSG_image_190.jpg,Train,1,5,0,0,0,0,1,0,0,0,0,0
KKRvsRR_image_51.jpg,Train,1,5,0,0,0,0,0,0,0,1,0,0
RCBvsRR_image_88.jpg,Train,2,15,0,0,0,0,0,0,0,1,1,0
KKRvsPBKS_image_87.jpg,Train,1,3,0,0,0,1,0,0,0,0,0,0
GTvsMI_image_251.jpg,Train,2,5,0,0,2,0,0,0,0,0,0,0
KKRvsSRH_image_220.jpg,Train,1,13,0,0,0,1,0,0,0,0,0,0
RRvsCSK_image_174.jpg,Train,2,12,1,0,0,0,0,0,0,1,0,0
KKRvsRR_image_21.jpg,Train,2,17,0,0,0,1,0,0,0,1,0,0
SRHvsDC_image_3.jpg,Train,1,9,0,1,0,0,0,0,0,0,0,0
GTvsRR_image_159.jpg,Train,3,13,0,0,2,0,0,0,0,1,0,0
SRHvsPBKS_image_132.jpg,Train,1,5,0,0,0,0,0,0,1,0,0,0
GTvsMI_image_106.jpg,Train,1,9,0,0,1,0,0,0,0,0,0,0
KKRvsRCB_image_38.jpg,Train,2,4,0,0,0,1,0,0,0,0,1,0
KKRvsSRH_image_13.jpg,Train,1,11,0,0,0,1,0,0,0,0,0,0
MIvsCSK_image_179.jpg,Train,1,5,1,0,0,0,0,0,0,0,0,0
KKRvsSRH_image_133.jpg,Train,1,8,0,0,0,1,0,0,0,0,0,0
KKRvsGT_image_168.jpg,Train,2,11,0,0,1,1,0,0,0,0,0,0
KKRvsSRH_image_12.jpg,Train,1,18,0,0,0,0,0,0,0,0,0,1
RRvsLSG_image_89.jpg,Train,2,5,0,0,0,0,1,0,0,1,0,0
MIvsKKR_image_28.jpg,Train,3,27,0,0,0,2,0,1,0,0,0,0
RRvsMI_image_69.jpg,Train,2,18,0,0,0,0,0,1,0,1,0,0
SRHvsMI_image_35.jpg,Train,2,15,0,0,0,0,0,1,0,0,0,1
SRHvsDC_image_139.jpg,Train,3,10,0,0,0,0,0,0,0,0,0,3
RRvsLSG_image_71.jpg,Train,1,13,0,0,0,0,0,0,0,1,0,0
KKRvsSRH_image_227.jpg,Train,1,9,0,0,0,1,0,0,0,0,0,0
KKRvsSRH_image_214.jpg,Train,2,15,0,0,0,1,0,0,0,0,0,1
SRHvsMI_image_24.jpg,Train,1,30,0,0,0,0,0,0,0,0,0,1
MIvsDC_image_80.jpg,Train,1,1,0,0,0,0,0,0,0,0,0,1
LSGvsSRH_image_50.jpg,Train,5,7,0,0,0,0,2,0,0,0,0,3
KKRvsCSK_image_45.jpg,Train,1,8,1,0,0,0,0,0,0,0,0,0
RRvsLSG_image_12.jpg,Train,2,6,0,0,0,0,1,0,0,1,0,0
KKRvsLSG_image_15.jpg,Train,1,10,0,0,0,0,1,0,0,0,0,0
GTvsMI_image_253.jpg,Train,3,8,0,0,1,0,0,2,0,0,0,0
SRHvsPBKS_image_20.jpg,Train,1,3,0,0,0,0,0,0,1,0,0,0
PBKSvsMI_image_97.jpg,Train,1,5,0,0,0,0,0,0,1,0,0,0
SRHvsDC_image_109.jpg,Train,1,3,0,0,0,0,0,0,0,0,0,1
LSGvsMI_image_92.jpg,Train,1,6,0,0,0,0,1,0,0,0,0,0
LSGvsMI_image_56.jpg,Train,1,4,0,0,0,0,0,1,0,0,0,0
SRHvsPBKS_image_9.jpg,Train,1,3,0,0,0,0,0,0,1,0,0,0
RRvsLSG_image_2.jpg,Train,1,12,0,0,0,0,0,0,0,1,0,0
KKRvsRCB_image_47.jpg,Train,2,16,0,0,0,1,0,0,0,0,1,0
SRHvsPBKS_image_70.jpg,Train,5,15,0,0,0,0,0,0,2,0,0,3
RCBvsGT_image_45.jpg,Train,2,20,0,0,1,0,0,0,0,0,1,0
RCBvsCSK_image_176.jpg,Train,1,4,0,0,0,0,0,0,0,0,1,0
SRHvsMI_image_75.jpg,Train,1,7,0,0,0,0,0,0,0,0,0,1
SRHvsPBKS_image_137.jpg,Train,1,2,0,0,0,0,0,0,0,0,0,1
MIvsKKR_image_30.jpg,Train,1,14,0,0,0,0,0,1,0,0,0,0
RCBvsGT_image_99.jpg,Train,3,11,0,0,1,0,0,0,0,0,2,0
SRHvsDC_image_155.jpg,Train,4,13,0,2,0,0,0,0,0,0,0,2
RRvsCSK_image_252.jpg,Train,2,5,1,0,0,0,0,0,0,1,0,0
RRvsLSG_image_42.jpg,Train,1,2,0,0,0,0,0,0,0,1,0,0
KKRvsSRH_image_266.jpg,Train,2,26,0,0,0,2,0,0,0,0,0,0
PBKSvsDC_image_93.jpg,Train,1,29,0,1,0,0,0,0,0,0,0,0
PBKSvsDC_image_99.jpg,Train,2,8,0,1,0,0,0,0,1,0,0,0
KKRvsPBKS_image_211.jpg,Train,2,4,0,0,0,1,0,0,1,0,0,0
KKRvsRR_image_58.jpg,Train,2,7,0,0,0,0,0,0,0,2,0,0
KKRvsSRH_image_278.jpg,Train,1,11,0,0,0,0,0,0,0,0,0,1
KKRvsRCB_image_6.jpg,Train,1,3,0,0,0,1,0,0,0,0,0,0
LSGvsMI_image_145.jpg,Train,1,5,0,0,0,0,1,0,0,0,0,0
KKRvsCSK_image_25.jpg,Train,1,7,0,0,0,1,0,0,0,0,0,0
KKRvsSRH_image_159.jpg,Train,2,28,0,0,0,2,0,0,0,0,0,0
KKRvsSRH_image_217.jpg,Train,2,14,0,0,0,1,0,0,0,0,0,1
RCBvsRR_image_103.jpg,Train,1,25,0,0,0,0,0,0,0,0,1,0
KKRvsPBKS_image_210.jpg,Train,2,8,0,0,0,2,0,0,0,0,0,0
KKRvsPBKS_image_89.jpg,Train,1,1,0,0,0,0,0,0,1,0,0,0
RCBvsPBKS_image_19.jpg,Train,2,13,0,0,0,0,0,0,1,0,1,0
GTvsRR_image_23.jpg,Train,3,16,0,0,0,0,0,1,0,2,0,0
GTvsMI_image_117.jpg,Train,1,8,0,0,0,0,0,1,0,0,0,0
RRvsMI_image_120.jpg,Train,2,28,0,0,0,0,0,1,0,1,0,0
SRHvsPBKS_image_29.jpg,Train,1,12,0,0,0,0,0,0,1,0,0,0
SRHvsPBKS_image_98.jpg,Train,2,8,0,0,0,0,0,0,0,0,0,2
SRHvsRR_image_130.jpg,Train,2,19,0,0,0,0,0,0,0,2,0,0
SRHvsMI_image_132.jpg,Train,1,43,0,0,0,0,0,0,0,0,0,1
SRHvsRR_image_18.jpg,Train,1,7,0,0,0,0,0,0,0,0,0,1
RCBvsSRH_image_76.jpg,Train,2,8,0,0,0,0,0,0,0,0,0,2
GTvsMI_image_252.jpg,Train,1,6,0,0,1,0,0,0,0,0,0,0
KKRvsSRH_image_147.jpg,Train,1,11,0,0,0,0,0,0,0,0,0,1
LSGvsMI_image_140.jpg,Train,2,8,0,0,0,0,2,0,0,0,0,0
KKRvsRR_image_114.jpg,Train,3,12,0,0,0,3,0,0,0,0,0,0
KKRvsCSK_image_249.jpg,Train,2,19,1,0,0,1,0,0,0,0,0,0
RRvsCSK_image_164.jpg,Train,1,5,1,0,0,0,0,0,0,0,0,0
KKRvsLSG_image_41.jpg,Train,1,17,0,0,0,1,0,0,0,0,0,0
PBKSvsCSK_image_71.jpg,Train,1,11,0,0,0,0,0,0,1,0,0,0
RCBvsCSK_image_100.jpg,Train,1,6,0,0,0,0,0,0,0,0,1,0
MIvsCSK_image_192.jpg,Train,1,4,1,0,0,0,0,0,0,0,0,0
LSGvsSRH_image_243.jpg,Train,2,14,0,0,0,0,1,0,0,0,0,1
MIvsKKR_image_103.jpg,Train,1,16,0,0,0,0,0,1,0,0,0,0
KKRvsPBKS_image_170.jpg,Train,1,7,0,0,0,1,0,0,0,0,0,0
PBKSvsCSK_image_287.jpg,Train,2,8,0,0,0,0,0,0,2,0,0,0
MIvsCSK_image_9.jpg,Train,2,7,1,0,0,0,0,1,0,0,0,0
KKRvsSRH_image_250.jpg,Train,2,20,0,0,0,2,0,0,0,0,0,0
MIvsDC_image_195.jpg,Train,2,16,0,0,0,0,0,2,0,0,0,0
SRHvsMI_image_2.jpg,Train,2,35,0,0,0,0,0,0,0,0,0,2
PBKSvsCSK_image_14.jpg,Train,1,12,0,0,0,0,0,0,1,0,0,0
SRHvsDC_image_183.jpg,Train,4,31,0,1,0,0,0,0,0,0,0,3
RCBvsGT_image_25.jpg,Train,1,10,0,0,1,0,0,0,0,0,0,0
RCBvsDC_image_0.jpg,Train,2,22,0,0,0,0,0,0,0,0,2,0
GTvsPBKS_image_32.jpg,Train,1,1,0,0,0,0,0,0,1,0,0,0
SRHvsPBKS_image_59.jpg,Train,2,6,0,0,0,0,0,0,1,0,0,1
KKRvsLSG_image_126.jpg,Train,1,17,0,0,0,1,0,0,0,0,0,0
RCBvsCSK_image_30.jpg,Train,4,12,2,0,0,0,0,0,0,0,2,0
PBKSvsCSK_image_96.jpg,Train,1,11,0,0,0,0,0,0,1,0,0,0
SRHvsPBKS_image_109.jpg,Train,2,10,0,0,0,0,0,0,1,0,0,1
GTvsSRH_image_209.jpg,Train,1,10,0,0,0,0,0,0,0,0,0,1
KKRvsPBKS_image_82.jpg,Train,1,4,0,0,0,1,0,0,0,0,0,0
KKRvsSRH_image_141.jpg,Train,1,9,0,0,0,0,0,0,0,0,0,1
MIvsCSK_image_145.jpg,Train,2,5,1,0,0,0,0,1,0,0,0,0
RCBvsPBKS_image_107.jpg,Train,2,24,0,0,0,0,0,0,0,0,2,0
KKRvsGT_image_194.jpg,Train,1,14,0,0,1,0,0,0,0,0,0,0
SRHvsRR_image_164.jpg,Train,1,10,0,0,0,0,0,0,0,1,0,0
SRHvsDC_image_59.jpg,Train,1,5,0,1,0,0,0,0,0,0,0,0
PBKSvsCSK_image_304.jpg,Train,1,7,0,0,0,0,0,0,1,0,0,0
SRHvsMI_image_207.jpg,Train,1,13,0,0,0,0,0,1,0,0,0,0
RRvsCSK_image_188.jpg,Train,1,19,1,0,0,0,0,0,0,0,0,0
RCBvsGT_image_48.jpg,Train,1,4,0,0,1,0,0,0,0,0,0,0
RRvsCSK_image_170.jpg,Train,1,16,0,0,0,0,0,0,0,1,0,0
LSGvsCSK_image_30.jpg,Train,1,11,1,0,0,0,0,0,0,0,0,0
KKRvsLSG_image_118.jpg,Train,2,8,0,0,0,0,2,0,0,0,0,0
KKRvsSRH_image_197.jpg,Train,1,4,0,0,0,0,0,0,0,0,0,1
LSGvsSRH_image_94.jpg,Train,1,9,0,0,0,0,1,0,0,0,0,0
GTvsLSG_image_370.jpg,Train,1,5,0,0,1,0,0,0,0,0,0,0
PBKSvsDC_image_57.jpg,Train,4,10,0,0,0,0,0,0,3,0,0,1
GTvsPBKS_image_13.jpg,Train,2,9,0,0,0,0,0,0,2,0,0,0
SRHvsPBKS_image_148.jpg,Train,1,5,0,0,0,0,0,0,1,0,0,0
RRvsCSK_image_169.jpg,Train,2,11,1,0,0,0,0,0,0,1,0,0
PBKSvsCSK_image_12.jpg,Train,1,25,0,0,0,0,0,0,1,0,0,0
PBKSvsMI_image_2.jpg,Train,1,5,0,0,0,0,0,1,0,0,0,0
KKRvsSRH_image_212.jpg,Train,1,30,0,0,0,1,0,0,0,0,0,0
KKRvsSRH_image_251.jpg,Train,1,14,0,0,0,0,0,0,0,0,0,1
KKRvsCSK_image_207.jpg,Train,1,8,1,0,0,0,0,0,0,0,0,0
KKRvsPBKS_image_179.jpg,Train,2,2,0,0,0,1,0,0,1,0,0,0
SRHvsMI_image_41.jpg,Train,5,33,0,0,0,0,0,2,0,0,0,3
PBKSvsMI_image_13.jpg,Train,1,8,0,0,0,0,0,1,0,0,0,0
RCBvsCSK_image_282.jpg,Train,1,23,1,0,0,0,0,0,0,0,0,0
RCBvsGT_image_127.jpg,Train,1,7,0,0,1,0,0,0,0,0,0,0
PBKSvsCSK_image_253.jpg,Train,1,14,0,0,0,0,0,0,1,0,0,0
PBKSvsDC_image_56.jpg,Train,1,7,0,1,0,0,0,0,0,0,0,0
SRHvsDC_image_93.jpg,Train,1,15,0,0,0,0,0,0,0,0,0,1
GTvsSRH_image_66.jpg,Train,2,24,0,0,2,0,0,0,0,0,0,0
MIvsRCB_image_132.jpg,Train,1,7,0,0,0,0,0,0,0,0,1,0
RRvsLSG_image_60.jpg,Train,2,7,0,0,0,0,1,0,0,1,0,0
KKRvsCSK_image_17.jpg,Train,1,8,0,0,0,1,0,0,0,0,0,0
PBKSvsCSK_image_84.jpg,Train,2,14,1,0,0,0,0,0,1,0,0,0
MIvsDC_image_94.jpg,Train,2,8,0,1,0,0,0,1,0,0,0,0
SRHvsPBKS_image_100.jpg,Train,1,9,0,0,0,0,0,0,0,0,0,1
KKRvsSRH_image_14.jpg,Train,1,26,0,0,0,0,0,0,0,0,0,1
KKRvsSRH_image_208.jpg,Train,1,10,0,0,0,1,0,0,0,0,0,0
RCBvsCSK_image_214.jpg,Train,1,5,1,0,0,0,0,0,0,0,0,0
RCBvsPBKS_image_21.jpg,Train,2,21,0,0,0,0,0,0,1,0,0,1
PBKSvsCSK_image_294.jpg,Train,1,6,0,0,0,0,0,0,1,0,0,0
SRHvsDC_image_177.jpg,Train,2,7,0,1,0,0,0,0,0,0,0,1
LSGvsRCB_image_193.jpg,Train,1,3,0,0,0,0,0,0,0,0,1,0
KKRvsPBKS_image_143.jpg,Train,1,7,0,0,0,1,0,0,0,0,0,0
PBKSvsDC_image_88.jpg,Train,2,17,0,1,0,0,0,0,1,0,0,0
SRHvsMI_image_172.jpg,Train,1,8,0,0,0,0,0,1,0,0,0,0
MIvsDC_image_97.jpg,Train,2,9,0,1,0,0,0,1,0,0,0,0
GTvsPBKS_image_27.jpg,Train,5,20,0,0,2,0,0,0,3,0,0,0
SRHvsDC_image_24.jpg,Train,1,6,0,1,0,0,0,0,0,0,0,0
RRvsLSG_image_61.jpg,Train,4,9,0,0,0,0,3,0,0,1,0,0
MIvsKKR_image_43.jpg,Train,2,7,0,0,0,1,0,1,0,0,0,0
KKRvsLSG_image_86.jpg,Train,1,8,0,0,0,1,0,0,0,0,0,0
MIvsCSK_image_98.jpg,Train,1,4,1,0,0,0,0,0,0,0,0,0
SRHvsPBKS_image_126.jpg,Train,2,6,0,0,0,0,0,0,1,0,0,1
LSGvsMI_image_113.jpg,Train,1,11,0,0,0,0,0,1,0,0,0,0
MIvsKKR_image_111.jpg,Train,1,9,0,0,0,0,0,1,0,0,0,0
GTvsMI_image_250.jpg,Train,1,4,0,0,1,0,0,0,0,0,0,0
RRvsMI_image_80.jpg,Train,2,22,0,0,0,0,0,1,0,1,0,0
PBKSvsDC_image_48.jpg,Train,1,11,0,0,0,0,0,0,1,0,0,0
RCBvsGT_image_77.jpg,Train,1,7,0,0,0,0,0,0,0,0,1,0
LSGvsCSK_image_92.jpg,Train,2,10,0,0,0,0,2,0,0,0,0,0
RRvsMI_image_103.jpg,Train,2,19,0,0,0,0,0,1,0,1,0,0
RRvsLSG_image_20.jpg,Train,2,16,0,0,0,0,1,0,0,1,0,0
KKRvsLSG_image_14.jpg,Train,1,4,0,0,0,0,1,0,0,0,0,0
PBKSvsCSK_image_120.jpg,Train,2,15,1,0,0,0,0,0,1,0,0,0
PBKSvsCSK_image_93.jpg,Train,1,9,1,0,0,0,0,0,0,0,0,0
RCBvsGT_image_10.jpg,Train,1,20,0,0,0,0,0,0,0,0,1,0
RCBvsDC_image_10.jpg,Train,2,18,0,1,0,0,0,0,0,0,1,0
KKRvsPBKS_image_193.jpg,Train,1,4,0,0,0,0,0,0,1,0,0,0
RCBvsPBKS_image_116.jpg,Train,2,9,0,0,0,0,0,0,1,0,1,0
RCBvsPBKS_image_88.jpg,Train,1,15,0,0,0,0,0,0,1,0,0,0
SRHvsMI_image_167.jpg,Train,1,7,0,0,0,0,0,0,0,0,0,1
SRHvsDC_image_106.jpg,Train,1,6,0,1,0,0,0,0,0,0,0,0
LSGvsCSK_image_37.jpg,Train,2,12,1,0,0,0,1,0,0,0,0,0
LSGvsRCB_image_24.jpg,Train,1,6,0,0,0,0,1,0,0,0,0,0
RCBvsRR_image_23.jpg,Train,2,9,0,0,0,0,0,0,0,0,2,0
SRHvsPBKS_image_65.jpg,Train,2,7,0,0,0,0,0,0,1,0,0,1
RCBvsDC_image_118.jpg,Train,3,25,0,1,0,0,0,0,0,0,2,0
GTvsRR_image_101.jpg,Train,3,9,0,0,1,0,0,0,0,2,0,0
RRvsLSG_image_6.jpg,Train,1,2,0,0,0,0,1,0,0,0,0,0
KKRvsRR_image_103.jpg,Train,2,26,0,0,0,1,0,0,0,1,0,0
SRHvsMI_image_140.jpg,Train,1,38,0,0,0,0,0,1,0,0,0,0
MIvsCSK_image_150.jpg,Train,2,4,0,0,0,0,0,2,0,0,0,0
KKRvsPBKS_image_156.jpg,Train,1,1,0,0,0,0,0,0,1,0,0,0
GTvsSRH_image_40.jpg,Train,1,6,0,0,1,0,0,0,0,0,0,0
GTvsSRH_image_49.jpg,Train,1,5,0,0,0,0,0,0,0,0,0,1
KKRvsCSK_image_4.jpg,Train,1,9,0,0,0,1,0,0,0,0,0,0
LSGvsMI_image_103.jpg,Train,1,6,0,0,0,0,1,0,0,0,0,0
RCBvsGT_image_15.jpg,Train,1,6,0,0,0,0,0,0,0,0,1,0
GTvsSRH_image_29.jpg,Train,1,17,0,0,1,0,0,0,0,0,0,0
MIvsRCB_image_109.jpg,Train,1,24,0,0,0,0,0,0,0,0,1,0
KKRvsSRH_image_116.jpg,Train,1,12,0,0,0,1,0,0,0,0,0,0
SRHvsDC_image_132.jpg,Train,2,5,0,1,0,0,0,0,0,0,0,1
SRHvsMI_image_129.jpg,Train,1,26,0,0,0,0,0,1,0,0,0,0
RCBvsCSK_image_365.jpg,Train,2,7,1,0,0,0,0,0,0,0,1,0
PBKSvsCSK_image_209.jpg,Train,2,12,1,0,0,0,0,0,1,0,0,0
RCBvsDC_image_37.jpg,Train,1,5,0,1,0,0,0,0,0,0,0,0
RCBvsCSK_image_302.jpg,Train,3,18,1,0,0,0,0,0,0,0,2,0
KKRvsRCB_image_35.jpg,Train,1,3,0,0,0,1,0,0,0,0,0,0
KKRvsSRH_image_225.jpg,Train,1,11,0,0,0,1,0,0,0,0,0,0
KKRvsPBKS_image_7.jpg,Train,1,6,0,0,0,0,0,0,1,0,0,0
PBKSvsMI_image_85.jpg,Train,2,3,0,0,0,0,0,0,2,0,0,0
RCBvsDC_image_34.jpg,Train,1,17,0,1,0,0,0,0,0,0,0,0
RCBvsPBKS_image_34.jpg,Train,1,4,0,0,0,0,0,0,0,0,1,0
KKRvsSRH_image_210.jpg,Train,1,6,0,0,0,1,0,0,0,0,0,0
SRHvsMI_image_179.jpg,Train,1,12,0,0,0,0,0,1,0,0,0,0
KKRvsSRH_image_204.jpg,Train,1,10,0,0,0,1,0,0,0,0,0,0
MIvsRCB_image_139.jpg,Train,1,6,0,0,0,0,0,1,0,0,0,0
SRHvsMI_image_249.jpg,Train,1,10,0,0,0,0,0,0,0,0,0,1
KKRvsSRH_image_46.jpg,Train,2,18,0,0,0,2,0,0,0,0,0,0
KKRvsSRH_image_273.jpg,Train,2,14,0,0,0,1,0,0,0,0,0,1
KKRvsRR_image_280.jpg,Train,1,8,0,0,0,1,0,0,0,0,0,0
PBKSvsCSK_image_251.jpg,Train,2,9,0,0,0,0,0,0,1,0,1,0
SRHvsMI_image_104.jpg,Train,1,12,0,0,0,0,0,1,0,0,0,0
RCBvsSRH_image_226.jpg,Train,2,7,0,0,0,0,0,0,0,0,1,1
PBKSvsCSK_image_107.jpg,Train,1,5,1,0,0,0,0,0,0,0,0,0
SRHvsPBKS_image_55.jpg,Train,1,1,0,0,0,0,0,0,0,0,0,1
SRHvsDC_image_81.jpg,Train,1,22,0,0,0,0,0,0,0,0,0,1
RRvsCSK_image_10.jpg,Train,5,16,2,0,0,0,0,0,0,2,1,0
SRHvsRR_image_167.jpg,Train,1,10,0,0,0,0,0,0,0,1,0,0
LSGvsCSK_image_126.jpg,Train,2,9,1,0,0,0,1,0,0,0,0,0
RCBvsGT_image_69.jpg,Train,1,6,0,0,1,0,0,0,0,0,0,0
SRHvsPBKS_image_91.jpg,Train,1,6,0,0,0,0,0,0,0,0,0,1
RCBvsRR_image_174.jpg,Train,3,29,0,0,0,0,0,0,0,2,1,0
RCBvsRR_image_123.jpg,Train,2,16,0,0,0,0,0,0,0,1,1,0
KKRvsPBKS_image_204.jpg,Train,1,1,0,0,0,0,0,0,1,0,0,0
KKRvsCSK_image_77.jpg,Train,2,11,1,0,0,1,0,0,0,0,0,0
RCBvsRR_image_84.jpg,Train,1,10,0,0,0,0,0,0,0,1,0,0
RRvsCSK_image_155.jpg,Train,2,10,1,0,0,0,0,0,0,1,0,0
KKRvsPBKS_image_220.jpg,Train,1,4,0,0,0,1,0,0,0,0,0,0
MIvsRCB_image_138.jpg,Train,2,14,0,0,0,0,0,0,0,0,2,0
RRvsMI_image_137.jpg,Train,1,10,0,0,0,0,0,0,0,1,0,0
KKRvsCSK_image_114.jpg,Train,1,9,0,0,0,1,0,0,0,0,0,0
RCBvsDC_image_11.jpg,Train,2,8,0,0,0,0,0,0,0,0,2,0
MIvsDC_image_225.jpg,Train,3,9,0,1,0,0,0,2,0,0,0,0
MIvsDC_image_301.jpg,Train,2,8,0,1,0,0,0,1,0,0,0,0
KKRvsLSG_image_23.jpg,Train,1,11,0,0,0,0,1,0,0,0,0,0
RCBvsGT_image_46.jpg,Train,1,28,0,0,1,0,0,0,0,0,0,0
KKRvsPBKS_image_201.jpg,Train,1,1,0,0,0,0,0,0,1,0,0,0
GTvsLSG_image_322.jpg,Train,2,5,0,0,2,0,0,0,0,0,0,0
SRHvsMI_image_4.jpg,Train,1,36,0,0,0,0,0,1,0,0,0,0
GTvsLSG_image_278.jpg,Train,3,14,0,0,2,0,1,0,0,0,0,0
SRHvsDC_image_75.jpg,Train,1,9,0,1,0,0,0,0,0,0,0,0
PBKSvsCSK_image_62.jpg,Train,1,8,1,0,0,0,0,0,0,0,0,0
RCBvsGT_image_131.jpg,Train,2,15,0,0,2,0,0,0,0,0,0,0
RRvsCSK_image_85.jpg,Train,2,14,1,0,0,0,0,0,0,1,0,0
KKRvsLSG_image_11.jpg,Train,2,17,0,0,0,1,1,0,0,0,0,0
GTvsRR_image_133.jpg,Train,3,8,0,0,1,0,0,0,0,2,0,0
PBKSvsDC_image_33.jpg,Train,2,7,0,1,0,0,0,0,1,0,0,0
KKRvsCSK_image_60.jpg,Train,1,15,0,0,0,1,0,0,0,0,0,0
LSGvsMI_image_148.jpg,Train,2,4,0,0,0,0,2,0,0,0,0,0
KKRvsLSG_image_10.jpg,Train,2,15,0,0,0,1,1,0,0,0,0,0
PBKSvsCSK_image_43.jpg,Train,1,7,0,0,0,0,0,0,1,0,0,0
RCBvsGT_image_126.jpg,Train,1,6,0,0,0,0,0,0,0,0,1,0
RCBvsSRH_image_30.jpg,Train,1,5,0,0,0,0,0,0,0,0,0,1
MIvsDC_image_144.jpg,Train,2,13,0,0,0,0,0,2,0,0,0,0
GTvsPBKS_image_80.jpg,Train,2,4,0,0,1,0,0,0,1,0,0,0
LSGvsCSK_image_21.jpg,Train,1,5,1,0,0,0,0,0,0,0,0,0
PBKSvsCSK_image_138.jpg,Train,1,13,1,0,0,0,0,0,0,0,0,0
RRvsLSG_image_104.jpg,Train,2,3,0,0,0,0,0,0,0,2,0,0
LSGvsMI_image_22.jpg,Train,1,4,0,0,0,0,0,1,0,0,0,0
RCBvsSRH_image_9.jpg,Train,1,9,0,0,0,0,0,0,0,0,0,1
RCBvsPBKS_image_201.jpg,Train,2,19,0,0,0,0,0,0,1,0,1,0
KKRvsGT_image_13.jpg,Train,2,9,0,0,1,1,0,0,0,0,0,0
RCBvsGT_image_140.jpg,Train,1,8,0,0,0,0,0,0,0,0,1,0
MIvsCSK_image_166.jpg,Train,0,0,0,0,0,0,0,0,0,0,0,0
PBKSvsDC_image_14.jpg,Train,1,11,0,0,0,0,0,0,1,0,0,0
RRvsMI_image_70.jpg,Train,2,6,0,0,0,0,0,1,0,1,0,0
RRvsLSG_image_37.jpg,Train,3,6,0,0,1,0,1,0,0,1,0,0
KKRvsCSK_image_100.jpg,Train,1,6,0,0,0,1,0,0,0,0,0,0
KKRvsRR_image_54.jpg,Train,1,11,0,0,0,1,0,0,0,0,0,0
MIvsKKR_image_110.jpg,Train,1,8,0,0,0,0,0,1,0,0,0,0
PBKSvsCSK_image_174.jpg,Train,1,12,0,0,0,0,0,0,1,0,0,0
RRvsCSK_image_63.jpg,Train,2,10,1,0,0,0,0,0,0,1,0,0
SRHvsMI_image_60.jpg,Train,1,10,0,0,0,0,0,0,0,0,0,1
KKRvsRR_image_107.jpg,Train,2,9,0,0,0,1,0,0,0,1,0,0
MIvsCSK_image_290.jpg,Train,3,21,0,0,0,0,0,3,0,0,0,0
PBKSvsDC_image_42.jpg,Train,3,10,0,1,0,0,0,0,2,0,0,0
SRHvsMI_image_110.jpg,Train,2,24,0,0,0,0,0,1,0,0,0,1
KKRvsRR_image_15.jpg,Train,1,4,0,0,0,0,0,0,0,1,0,0
SRHvsPBKS_image_133.jpg,Train,4,10,0,0,0,0,0,0,1,0,0,3
KKRvsCSK_image_73.jpg,Train,1,7,1,0,0,0,0,0,0,0,0,0
KKRvsRCB_image_53.jpg,Train,1,2,0,0,0,0,0,0,0,0,1,0
LSGvsRCB_image_54.jpg,Train,1,3,0,0,0,0,1,0,0,0,0,0
RRvsLSG_image_55.jpg,Train,4,12,0,0,0,0,4,0,0,0,0,0
KKRvsGT_image_164.jpg,Train,2,15,0,0,1,1,0,0,0,0,0,0
GTvsMI_image_134.jpg,Train,2,14,0,0,1,0,0,1,0,0,0,0
SRHvsMI_image_243.jpg,Train,1,19,0,0,0,0,0,1,0,0,0,0
SRHvsDC_image_126.jpg,Train,2,2,0,0,0,0,0,0,0,0,1,1
KKRvsPBKS_image_76.jpg,Train,1,2,0,0,0,0,0,0,1,0,0,0
LSGvsSRH_image_57.jpg,Train,1,4,0,0,0,0,1,0,0,0,0,0
KKRvsRR_image_113.jpg,Train,2,21,0,0,0,0,0,0,0,2,0,0
SRHvsMI_image_125.jpg,Train,2,23,0,0,0,0,0,1,0,0,0,1
PBKSvsCSK_image_205.jpg,Train,2,21,0,0,0,0,0,0,1,0,1,0
MIvsKKR_image_45.jpg,Train,2,9,0,0,0,0,0,2,0,0,0,0
RCBvsRR_image_242.jpg,Train,3,19,0,0,0,0,0,0,0,1,2,0
RCBvsRR_image_64.jpg,Train,2,12,0,0,0,0,0,0,0,1,1,0
KKRvsRR_image_176.jpg,Train,2,7,0,0,0,1,0,0,0,1,0,0
PBKSvsCSK_image_16.jpg,Train,1,6,0,0,0,0,0,0,1,0,0,0
RRvsMI_image_2.jpg,Train,1,10,0,0,0,0,0,1,0,0,0,0
RCBvsGT_image_38.jpg,Train,2,14,0,0,1,0,0,0,0,0,1,0
KKRvsPBKS_image_226.jpg,Train,1,1,0,0,0,0,0,0,1,0,0,0
RRvsLSG_image_84.jpg,Train,1,4,0,0,0,0,0,0,0,1,0,0
PBKSvsCSK_image_240.jpg,Train,1,7,1,0,0,0,0,0,0,0,0,0
RRvsLSG_image_45.jpg,Train,1,3,0,0,0,0,1,0,0,0,0,0
LSGvsCSK_image_90.jpg,Train,1,8,0,0,0,0,1,0,0,0,0,0
PBKSvsDC_image_80.jpg,Train,1,6,0,0,0,0,0,0,1,0,0,0
RCBvsCSK_image_264.jpg,Train,2,11,1,0,0,0,0,0,0,0,1,0
KKRvsSRH_image_48.jpg,Train,1,13,0,0,0,1,0,0,0,0,0,0
GTvsRR_image_88.jpg,Train,1,13,0,0,1,0,0,0,0,0,0,0
MIvsDC_image_281.jpg,Train,2,5,0,0,0,0,0,2,0,0,0,0
PBKSvsCSK_image_279.jpg,Train,2,10,1,0,0,0,0,0,1,0,0,0
MIvsCSK_image_292.jpg,Train,2,4,0,0,0,0,0,2,0,0,0,0
RCBvsSRH_image_104.jpg,Train,3,12,0,0,0,0,0,0,0,0,0,3
GTvsLSG_image_310.jpg,Train,4,15,0,0,3,0,1,0,0,0,0,0
MIvsDC_image_57.jpg,Train,3,16,0,2,0,0,0,1,0,0,0,0
KKRvsSRH_image_105.jpg,Train,2,18,0,0,0,2,0,0,0,0,0,0
RCBvsRR_image_204.jpg,Train,2,25,0,0,0,0,0,0,0,1,1,0
KKRvsLSG_image_50.jpg,Train,2,11,0,0,0,1,1,0,0,0,0,0
LSGvsSRH_image_221.jpg,Train,1,10,0,0,0,0,1,0,0,0,0,0
KKRvsPBKS_image_32.jpg,Train,1,22,0,0,0,1,0,0,0,0,0,0
RRvsLSG_image_68.jpg,Train,1,4,0,0,0,0,1,0,0,0,0,0
RCBvsRR_image_10.jpg,Train,3,20,0,0,0,0,0,0,0,1,2,0
RCBvsPBKS_image_224.jpg,Train,2,17,0,0,0,0,0,0,1,0,1,0
PBKSvsCSK_image_182.jpg,Train,2,18,1,0,0,0,0,0,1,0,0,0
RCBvsSRH_image_46.jpg,Train,1,5,0,0,0,0,0,0,0,0,0,1
PBKSvsMI_image_91.jpg,Train,1,3,0,0,0,0,0,1,0,0,0,0
SRHvsPBKS_image_13.jpg,Train,2,9,0,0,0,0,0,0,1,0,0,1
KKRvsRCB_image_57.jpg,Train,2,12,0,0,0,2,0,0,0,0,0,0
MIvsRCB_image_2.jpg,Train,1,7,0,0,0,0,0,0,0,0,1,0
MIvsDC_image_83.jpg,Train,1,2,0,0,0,0,0,1,0,0,0,0
GTvsMI_image_98.jpg,Train,2,9,0,0,1,0,0,1,0,0,0,0
SRHvsMI_image_245.jpg,Train,2,8,0,0,0,0,0,1,0,0,0,1
KKRvsGT_image_18.jpg,Train,1,13,0,0,1,0,0,0,0,0,0,0
KKRvsCSK_image_300.jpg,Train,2,7,1,0,0,1,0,0,0,0,0,0
KKRvsCSK_image_122.jpg,Train,1,12,1,0,0,0,0,0,0,0,0,0
KKRvsRCB_image_62.jpg,Train,1,2,0,0,0,0,0,0,0,0,1,0
RCBvsGT_image_24.jpg,Train,1,5,0,0,0,0,0,0,0,0,1,0
RCBvsSRH_image_6.jpg,Train,1,7,0,0,0,0,0,0,0,0,1,0
RRvsCSK_image_195.jpg,Train,1,16,0,0,0,0,0,0,0,1,0,0
KKRvsCSK_image_61.jpg,Train,0,0,0,0,0,0,0,0,0,0,0,0
PBKSvsCSK_image_238.jpg,Train,1,3,0,0,0,0,0,0,1,0,0,0
PBKSvsDC_image_16.jpg,Train,2,14,0,1,0,0,0,0,1,0,0,0
PBKSvsCSK_image_247.jpg,Train,2,7,1,0,0,0,0,0,1,0,0,0
GTvsPBKS_image_77.jpg,Train,2,4,0,0,1,0,0,0,1,0,0,0
GTvsMI_image_275.jpg,Train,2,7,0,0,2,0,0,0,0,0,0,0
MIvsRCB_image_104.jpg,Train,3,5,0,0,0,0,0,1,0,0,2,0
PBKSvsCSK_image_3.jpg,Train,2,6,0,0,0,0,0,0,2,0,0,0
RCBvsGT_image_72.jpg,Train,1,4,0,0,1,0,0,0,0,0,0,0
MIvsDC_image_208.jpg,Train,2,6,0,1,0,0,0,1,0,0,0,0
GTvsRR_image_126.jpg,Train,1,11,0,0,1,0,0,0,0,0,0,0
MIvsDC_image_33.jpg,Train,2,9,0,1,0,0,0,1,0,0,0,0
KKRvsPBKS_image_212.jpg,Train,1,6,0,0,0,1,0,0,0,0,0,0
KKRvsCSK_image_47.jpg,Train,1,5,1,0,0,0,0,0,0,0,0,0
GTvsSRH_image_67.jpg,Train,1,5,0,0,0,0,0,0,0,0,0,1
SRHvsPBKS_image_46.jpg,Train,2,11,0,0,0,0,0,0,0,0,0,2
SRHvsMI_image_255.jpg,Train,1,11,0,0,0,0,0,0,0,0,0,1
GTvsSRH_image_247.jpg,Train,2,4,0,0,0,0,0,0,0,0,0,2
KKRvsCSK_image_67.jpg,Train,1,23,0,0,0,1,0,0,0,0,0,0
KKRvsRR_image_195.jpg,Train,2,7,0,0,0,0,0,0,0,2,0,0
RRvsCSK_image_205.jpg,Train,1,11,1,0,0,0,0,0,0,0,0,0
GTvsPBKS_image_70.jpg,Train,1,3,0,0,0,0,0,0,1,0,0,0
PBKSvsCSK_image_293.jpg,Train,1,8,1,0,0,0,0,0,0,0,0,0
KKRvsSRH_image_124.jpg,Train,1,28,0,0,0,1,0,0,0,0,0,0
KKRvsGT_image_159.jpg,Train,2,20,0,0,1,1,0,0,0,0,0,0
RCBvsSRH_image_28.jpg,Train,2,8,0,0,0,0,0,0,1,0,1,0
RCBvsGT_image_109.jpg,Train,1,8,0,0,1,0,0,0,0,0,0,0
KKRvsPBKS_image_36.jpg,Train,1,2,0,0,0,0,0,0,1,0,0,0
SRHvsPBKS_image_127.jpg,Train,1,10,0,0,0,0,0,0,0,0,0,1
RCBvsCSK_image_280.jpg,Train,1,7,1,0,0,0,0,0,0,0,0,0
RCBvsGT_image_21.jpg,Train,1,4,0,0,0,0,0,0,0,0,1,0
RCBvsRR_image_116.jpg,Train,2,8,0,0,0,0,0,0,0,0,2,0
RCBvsDC_image_84.jpg,Train,1,19,0,1,0,0,0,0,0,0,0,0
KKRvsGT_image_9.jpg,Train,2,7,0,0,1,1,0,0,0,0,0,0
GTvsLSG_image_25.jpg,Train,1,11,0,0,0,0,1,0,0,0,0,0
RCBvsCSK_image_105.jpg,Train,1,4,1,0,0,0,0,0,0,0,0,0
KKRvsGT_image_219.jpg,Train,2,12,0,0,2,0,0,0,0,0,0,0
KKRvsLSG_image_57.jpg,Train,1,7,0,0,0,1,0,0,0,0,0,0
KKRvsPBKS_image_102.jpg,Train,2,3,0,0,0,0,0,0,2,0,0,0
PBKSvsCSK_image_36.jpg,Train,2,18,1,0,0,0,0,0,1,0,0,0
KKRvsRR_image_72.jpg,Train,2,8,0,0,0,1,0,0,0,1,0,0
SRHvsPBKS_image_18.jpg,Train,2,16,0,0,0,0,0,0,1,0,0,1
SRHvsDC_image_117.jpg,Train,2,5,0,2,0,0,0,0,0,0,0,0
LSGvsSRH_image_21.jpg,Train,1,14,0,0,0,0,0,0,0,0,0,1
KKRvsGT_image_6.jpg,Train,2,8,0,0,0,2,0,0,0,0,0,0
RCBvsPBKS_image_68.jpg,Train,1,12,0,0,0,0,0,0,0,0,1,0
SRHvsDC_image_172.jpg,Train,3,4,0,2,0,0,0,0,0,0,0,1
RCBvsGT_image_92.jpg,Train,1,5,0,0,1,0,0,0,0,0,0,0
LSGvsCSK_image_68.jpg,Train,2,17,1,0,0,0,1,0,0,0,0,0
SRHvsMI_image_232.jpg,Train,1,10,0,0,0,0,0,1,0,0,0,0
LSGvsMI_image_114.jpg,Train,1,6,0,0,0,0,0,1,0,0,0,0
PBKSvsDC_image_9.jpg,Train,2,8,0,1,0,0,0,0,1,0,0,0
SRHvsDC_image_157.jpg,Train,1,8,0,0,0,0,0,0,0,0,0,1
GTvsLSG_image_46.jpg,Train,1,13,0,0,0,0,1,0,0,0,0,0
LSGvsRCB_image_202.jpg,Train,2,25,0,0,0,0,2,0,0,0,0,0
SRHvsMI_image_46.jpg,Train,2,13,0,0,0,0,0,2,0,0,0,0
RRvsCSK_image_261.jpg,Train,1,8,0,0,0,0,0,0,0,1,0,0
PBKSvsCSK_image_30.jpg,Train,1,4,0,0,0,0,0,0,1,0,0,0
RCBvsCSK_image_228.jpg,Train,1,7,1,0,0,0,0,0,0,0,0,0
KKRvsGT_image_185.jpg,Train,2,8,0,0,1,1,0,0,0,0,0,0
RCBvsSRH_image_151.jpg,Train,1,16,0,0,0,0,0,0,0,0,0,1
PBKSvsCSK_image_215.jpg,Train,3,30,2,0,0,0,0,0,1,0,0,0
RCBvsCSK_image_58.jpg,Train,1,13,0,0,0,0,0,0,0,0,1,0
KKRvsLSG_image_52.jpg,Train,2,10,0,0,0,1,1,0,0,0,0,0
RCBvsCSK_image_195.jpg,Train,2,7,1,0,0,0,0,0,0,0,1,0
LSGvsSRH_image_200.jpg,Train,1,4,0,0,0,0,0,0,0,0,0,1
RCBvsSRH_image_39.jpg,Train,1,5,0,0,0,0,0,0,0,0,1,0
KKRvsCSK_image_65.jpg,Train,1,7,1,0,0,0,0,0,0,0,0,0
MIvsRCB_image_15.jpg,Train,1,10,0,0,0,0,0,0,0,0,1,0
KKRvsLSG_image_73.jpg,Train,1,4,0,0,0,0,1,0,0,0,0,0
MIvsCSK_image_302.jpg,Train,2,3,1,0,0,0,0,1,0,0,0,0
RCBvsGT_image_62.jpg,Train,1,5,0,0,0,0,0,0,0,0,1,0
KKRvsLSG_image_9.jpg,Train,1,9,0,0,0,1,0,0,0,0,0,0
RRvsMI_image_83.jpg,Train,2,21,0,0,0,0,0,1,0,1,0,0
KKRvsRR_image_56.jpg,Train,1,8,0,0,0,1,0,0,0,0,0,0
SRHvsMI_image_101.jpg,Train,2,23,0,0,0,0,0,1,0,0,0,1
SRHvsMI_image_6.jpg,Train,1,12,0,0,0,0,0,1,0,0,0,0
MIvsCSK_image_118.jpg,Train,1,6,1,0,0,0,0,0,0,0,0,0
MIvsCSK_image_318.jpg,Train,2,5,1,0,0,0,0,1,0,0,0,0
LSGvsCSK_image_144.jpg,Train,2,18,1,0,0,0,1,0,0,0,0,0
LSGvsRCB_image_68.jpg,Train,1,11,0,0,0,0,0,0,0,0,1,0
MIvsCSK_image_287.jpg,Train,2,7,2,0,0,0,0,0,0,0,0,0
SRHvsPBKS_image_15.jpg,Train,1,11,0,0,0,0,0,0,0,0,0,1
SRHvsMI_image_64.jpg,Train,1,12,0,0,0,0,0,1,0,0,0,0
GTvsRR_image_102.jpg,Train,1,7,0,0,0,0,0,0,0,1,0,0
KKRvsSRH_image_179.jpg,Train,1,9,0,0,0,0,0,0,0,0,0,1
SRHvsDC_image_98.jpg,Train,1,18,0,1,0,0,0,0,0,0,0,0
KKRvsPBKS_image_86.jpg,Train,2,2,0,0,0,1,0,0,1,0,0,0
PBKSvsMI_image_81.jpg,Train,4,10,0,0,0,0,0,0,4,0,0,0
MIvsRCB_image_17.jpg,Train,1,4,0,0,0,0,0,0,0,0,1,0
SRHvsRR_image_169.jpg,Train,1,9,0,0,0,0,0,0,0,1,0,0
SRHvsMI_image_5.jpg,Train,1,41,0,0,0,0,0,1,0,0,0,0
RCBvsPBKS_image_37.jpg,Train,1,7,0,0,0,0,0,0,1,0,0,0
RCBvsDC_image_13.jpg,Train,2,10,0,1,0,0,0,0,0,0,1,0
PBKSvsCSK_image_53.jpg,Train,1,25,1,0,0,0,0,0,0,0,0,0
KKRvsLSG_image_53.jpg,Train,1,16,0,0,0,0,1,0,0,0,0,0
KKRvsSRH_image_121.jpg,Train,1,11,0,0,0,0,0,0,0,0,0,1
MIvsRCB_image_134.jpg,Train,2,4,0,0,0,0,0,1,0,0,1,0
RCBvsCSK_image_149.jpg,Train,2,15,1,0,0,0,0,0,0,0,1,0
GTvsRR_image_12.jpg,Train,2,16,0,0,0,0,0,1,0,1,0,0
RRvsCSK_image_226.jpg,Train,1,4,0,0,0,0,0,0,0,1,0,0
GTvsPBKS_image_103.jpg,Train,2,3,0,0,1,0,0,0,1,0,0,0
PBKSvsDC_image_97.jpg,Train,2,10,0,1,0,0,0,0,1,0,0,0
GTvsSRH_image_62.jpg,Train,1,19,0,0,1,0,0,0,0,0,0,0
GTvsMI_image_120.jpg,Train,1,7,0,0,1,0,0,0,0,0,0,0
LSGvsCSK_image_31.jpg,Train,1,6,1,0,0,0,0,0,0,0,0,0
KKRvsSRH_image_74.jpg,Train,1,16,0,0,0,1,0,0,0,0,0,0
RRvsCSK_image_242.jpg,Train,2,11,0,0,0,0,0,0,0,2,0,0
RRvsLSG_image_101.jpg,Train,2,5,0,0,0,0,1,0,0,1,0,0
GTvsPBKS_image_66.jpg,Train,1,3,0,0,1,0,0,0,0,0,0,0
RCBvsDC_image_15.jpg,Train,2,8,0,2,0,0,0,0,0,0,0,0
SRHvsMI_image_231.jpg,Train,1,14,0,0,0,0,0,0,0,0,0,1
RCBvsGT_image_51.jpg,Train,1,7,0,0,1,0,0,0,0,0,0,0
RCBvsCSK_image_109.jpg,Train,1,5,0,0,0,0,0,0,0,0,1,0
KKRvsGT_image_26.jpg,Train,1,4,0,0,0,1,0,0,0,0,0,0
PBKSvsMI_image_34.jpg,Train,1,4,0,0,0,0,0,0,1,0,0,0
MIvsDC_image_55.jpg,Train,2,9,0,1,0,0,0,1,0,0,0,0
SRHvsMI_image_26.jpg,Train,2,35,0,0,0,0,0,1,0,0,0,1
PBKSvsCSK_image_37.jpg,Train,1,15,0,0,0,0,0,0,1,0,0,0
PBKSvsMI_image_33.jpg,Train,1,4,0,0,0,0,0,1,0,0,0,0
PBKSvsCSK_image_15.jpg,Train,1,18,1,0,0,0,0,0,0,0,0,0
RCBvsSRH_image_87.jpg,Train,1,5,0,0,0,0,0,0,0,0,1,0
KKRvsPBKS_image_137.jpg,Train,2,25,0,0,0,2,0,0,0,0,0,0
SRHvsPBKS_image_11.jpg,Train,2,7,0,0,0,0,0,0,1,0,0,1
KKRvsLSG_image_111.jpg,Train,1,4,0,0,0,0,1,0,0,0,0,0
PBKSvsCSK_image_117.jpg,Train,2,8,2,0,0,0,0,0,0,0,0,0
LSGvsMI_image_23.jpg,Train,1,8,0,0,0,0,1,0,0,0,0,0
SRHvsRR_image_12.jpg,Train,2,12,0,0,0,0,0,0,0,1,0,1
GTvsRR_image_129.jpg,Train,2,13,0,0,1,0,0,0,0,1,0,0
SRHvsMI_image_43.jpg,Train,3,31,0,0,0,0,0,2,0,0,0,1
GTvsRR_image_199.jpg,Train,4,10,0,0,2,0,0,0,0,2,0,0
KKRvsPBKS_image_190.jpg,Train,1,2,0,0,0,0,0,0,1,0,0,0
MIvsKKR_image_55.jpg,Train,1,6,0,0,0,0,0,1,0,0,0,0
SRHvsPBKS_image_1.jpg,Train,1,9,0,0,0,0,0,0,0,0,0,1
KKRvsRR_image_253.jpg,Train,1,5,0,0,0,0,0,0,0,1,0,0
MIvsRCB_image_102.jpg,Train,1,10,0,0,0,0,0,0,0,0,1,0
MIvsRCB_image_137.jpg,Train,3,11,0,0,0,0,0,1,0,0,2,0
KKRvsCSK_image_105.jpg,Train,1,16,1,0,0,0,0,0,0,0,0,0
KKRvsPBKS_image_66.jpg,Train,1,2,0,0,0,0,0,0,1,0,0,0
KKRvsGT_image_61.jpg,Train,1,9,0,0,0,1,0,0,0,0,0,0
MIvsCSK_image_222.jpg,Train,2,3,1,0,0,0,0,1,0,0,0,0
GTvsLSG_image_17.jpg,Train,3,23,0,0,1,0,2,0,0,0,0,0
LSGvsRCB_image_236.jpg,Train,2,9,0,0,0,0,1,0,0,0,1,0
KKRvsLSG_image_84.jpg,Train,1,2,0,0,0,1,0,0,0,0,0,0
KKRvsPBKS_image_17.jpg,Train,1,8,0,0,0,1,0,0,0,0,0,0
MIvsRCB_image_125.jpg,Train,1,25,0,0,0,0,0,1,0,0,0,0
LSGvsCSK_image_223.jpg,Train,1,8,1,0,0,0,0,0,0,0,0,0
RCBvsRR_image_141.jpg,Train,2,14,0,0,0,0,0,0,0,2,0,0
RRvsCSK_image_223.jpg,Train,1,7,0,0,0,0,0,0,0,1,0,0
RCBvsGT_image_41.jpg,Train,2,16,0,0,1,0,0,0,0,0,1,0
KKRvsPBKS_image_46.jpg,Train,1,6,0,0,0,1,0,0,0,0,0,0
KKRvsSRH_image_245.jpg,Train,1,11,0,0,0,1,0,0,0,0,0,0
RCBvsDC_image_32.jpg,Train,1,15,0,0,0,0,0,0,0,0,1,0
GTvsMI_image_222.jpg,Train,2,6,0,0,0,0,0,2,0,0,0,0
KKRvsCSK_image_112.jpg,Train,1,5,1,0,0,0,0,0,0,0,0,0
PBKSvsCSK_image_4.jpg,Train,3,14,1,0,0,0,0,0,2,0,0,0
KKRvsSRH_image_66.jpg,Train,3,13,0,0,0,2,0,0,0,0,0,1
KKRvsSRH_image_91.jpg,Train,1,18,0,0,0,1,0,0,0,0,0,0
GTvsRR_image_17.jpg,Train,2,12,0,0,1,0,0,0,0,1,0,0
SRHvsRR_image_65.jpg,Train,1,10,0,0,0,0,0,0,0,0,0,1
KKRvsCSK_image_216.jpg,Train,1,4,0,0,0,1,0,0,0,0,0,0
PBKSvsCSK_image_68.jpg,Train,1,26,1,0,0,0,0,0,0,0,0,0
KKRvsCSK_image_125.jpg,Train,1,7,1,0,0,0,0,0,0,0,0,0
LSGvsSRH_image_35.jpg,Train,1,12,0,0,0,0,0,0,0,0,0,1
SRHvsPBKS_image_134.jpg,Train,2,7,0,0,0,0,0,0,1,0,0,1
MIvsCSK_image_93.jpg,Train,2,4,1,0,0,0,0,1,0,0,0,0
RRvsCSK_image_47.jpg,Train,2,11,1,0,0,0,0,0,0,1,0,0
MIvsKKR_image_39.jpg,Train,1,23,0,0,0,0,0,1,0,0,0,0
SRHvsMI_image_84.jpg,Train,1,12,0,0,0,0,0,1,0,0,0,0
SRHvsPBKS_image_115.jpg,Train,1,2,0,0,0,0,0,0,0,0,0,1
GTvsPBKS_image_20.jpg,Train,1,2,0,0,1,0,0,0,0,0,0,0
RRvsLSG_image_80.jpg,Train,3,19,0,0,0,0,1,0,0,2,0,0
MIvsKKR_image_109.jpg,Train,1,5,0,0,0,1,0,0,0,0,0,0
LSGvsSRH_image_264.jpg,Train,1,3,0,0,0,0,1,0,0,0,0,0
SRHvsRR_image_136.jpg,Train,1,14,0,0,0,0,0,0,0,1,0,0
RCBvsDC_image_25.jpg,Train,2,21,0,1,0,0,0,0,0,0,1,0
SRHvsDC_image_143.jpg,Train,1,3,0,1,0,0,0,0,0,0,0,0
GTvsSRH_image_71.jpg,Train,1,6,0,0,1,0,0,0,0,0,0,0
KKRvsPBKS_image_10.jpg,Train,1,10,0,0,0,0,0,0,1,0,0,0
GTvsSRH_image_282.jpg,Train,1,8,0,0,0,0,0,0,0,0,0,1
PBKSvsCSK_image_179.jpg,Train,1,9,0,0,0,0,0,0,1,0,0,0
MIvsCSK_image_313.jpg,Train,2,3,1,0,0,0,0,1,0,0,0,0
RRvsCSK_image_228.jpg,Train,1,9,1,0,0,0,0,0,0,0,0,0
RCBvsGT_image_28.jpg,Train,1,19,0,0,0,0,0,0,0,0,1,0
SRHvsDC_image_173.jpg,Train,3,18,0,3,0,0,0,0,0,0,0,0
MIvsDC_image_310.jpg,Train,2,11,0,1,0,0,0,1,0,0,0,0
GTvsLSG_image_21.jpg,Train,2,16,0,0,1,0,1,0,0,0,0,0
SRHvsPBKS_image_64.jpg,Train,2,12,0,0,0,0,0,0,1,0,0,1
GTvsRR_image_176.jpg,Train,2,17,0,0,2,0,0,0,0,0,0,0
SRHvsPBKS_image_30.jpg,Train,1,9,0,0,0,0,0,0,1,0,0,0
KKRvsRCB_image_33.jpg,Train,2,4,0,0,0,1,0,0,0,0,1,0
SRHvsPBKS_image_112.jpg,Train,1,4,0,0,0,0,0,0,0,0,0,1
KKRvsPBKS_image_148.jpg,Train,1,6,0,0,0,0,0,0,1,0,0,0
LSGvsRCB_image_218.jpg,Train,1,9,0,0,0,0,1,0,0,0,0,0
PBKSvsCSK_image_217.jpg,Train,1,4,1,0,0,0,0,0,0,0,0,0
LSGvsMI_image_146.jpg,Train,1,5,0,0,0,0,0,1,0,0,0,0
GTvsMI_image_234.jpg,Train,1,3,0,0,0,0,0,1,0,0,0,0
SRHvsPBKS_image_56.jpg,Train,2,10,0,0,0,0,0,0,1,0,0,1
MIvsKKR_image_106.jpg,Train,1,26,0,0,0,0,0,1,0,0,0,0
KKRvsSRH_image_235.jpg,Train,2,34,0,0,0,0,0,0,0,0,1,1
GTvsSRH_image_136.jpg,Train,1,10,0,0,0,0,0,0,0,0,0,1
SRHvsDC_image_96.jpg,Train,1,7,0,1,0,0,0,0,0,0,0,0
SRHvsPBKS_image_14.jpg,Train,1,27,0,0,0,0,0,0,0,0,0,1
SRHvsDC_image_58.jpg,Train,2,15,0,1,0,0,0,0,0,0,0,1
LSGvsSRH_image_323.jpg,Train,1,8,0,0,0,0,1,0,0,0,0,0
SRHvsMI_image_258.jpg,Train,1,45,0,0,0,0,0,1,0,0,0,0
KKRvsCSK_image_329.jpg,Train,1,5,0,0,0,1,0,0,0,0,0,0
KKRvsCSK_image_46.jpg,Train,1,5,1,0,0,0,0,0,0,0,0,0
KKRvsRR_image_185.jpg,Train,2,18,0,0,0,1,0,0,0,1,0,0
SRHvsDC_image_94.jpg,Train,2,9,0,0,0,0,0,0,0,0,0,2
LSGvsCSK_image_120.jpg,Train,1,15,1,0,0,0,0,0,0,0,0,0
GTvsMI_image_269.jpg,Train,3,11,0,0,0,0,0,3,0,0,0,0
RRvsMI_image_12.jpg,Train,2,16,0,0,0,0,0,1,0,1,0,0
LSGvsMI_image_28.jpg,Train,1,6,0,0,0,0,0,1,0,0,0,0
SRHvsMI_image_98.jpg,Train,1,13,0,0,0,0,0,0,0,0,0,1
KKRvsSRH_image_95.jpg,Train,2,18,0,0,0,1,0,0,0,0,0,1
MIvsKKR_image_46.jpg,Train,3,13,0,0,0,1,0,2,0,0,0,0
GTvsMI_image_215.jpg,Train,1,6,0,0,0,0,0,1,0,0,0,0
MIvsRCB_image_111.jpg,Train,2,6,0,0,0,0,0,1,0,0,1,0
KKRvsCSK_image_135.jpg,Train,1,13,1,0,0,0,0,0,0,0,0,0
GTvsSRH_image_154.jpg,Train,1,15,0,0,0,0,0,0,0,0,0,1
GTvsRR_image_40.jpg,Train,1,9,0,0,0,0,0,0,0,1,0,0
SRHvsMI_image_103.jpg,Train,2,33,0,0,0,0,0,2,0,0,0,0
SRHvsRR_image_35.jpg,Train,3,12,0,0,0,0,0,0,0,2,0,1
SRHvsRR_image_22.jpg,Train,1,7,0,0,0,0,0,0,0,0,0,1
SRHvsRR_image_98.jpg,Train,1,22,0,0,0,0,0,0,0,0,0,1
KKRvsPBKS_image_104.jpg,Train,1,3,0,0,0,1,0,0,0,0,0,0
GTvsSRH_image_189.jpg,Train,1,7,0,0,0,0,0,0,0,0,0,1
RCBvsDC_image_48.jpg,Train,2,8,0,1,0,0,0,0,0,0,1,0
SRHvsRR_image_78.jpg,Train,1,18,0,0,0,0,0,0,0,0,0,1
SRHvsDC_image_95.jpg,Train,2,6,0,1,0,0,0,0,0,0,0,1
MIvsDC_image_294.jpg,Train,1,14,0,0,0,0,0,1,0,0,0,0
LSGvsMI_image_120.jpg,Train,1,2,0,0,0,0,0,1,0,0,0,0
KKRvsPBKS_image_57.jpg,Train,1,3,0,0,0,0,0,0,1,0,0,0
GTvsMI_image_87.jpg,Train,2,19,0,0,2,0,0,0,0,0,0,0
RCBvsSRH_image_45.jpg,Train,1,3,0,0,0,0,0,0,0,0,0,1
SRHvsPBKS_image_97.jpg,Train,2,9,0,0,0,0,0,0,2,0,0,0
SRHvsDC_image_169.jpg,Train,2,12,0,1,0,0,0,0,0,0,0,1
KKRvsCSK_image_8.jpg,Train,1,6,0,0,0,1,0,0,0,0,0,0
LSGvsCSK_image_85.jpg,Train,2,11,0,0,0,0,2,0,0,0,0,0
RRvsCSK_image_239.jpg,Train,1,22,1,0,0,0,0,0,0,0,0,0
KKRvsGT_image_19.jpg,Train,2,20,0,0,2,0,0,0,0,0,0,0
RCBvsRR_image_205.jpg,Train,1,8,0,0,0,0,0,0,0,1,0,0
SRHvsMI_image_106.jpg,Train,1,32,0,0,0,0,0,0,0,0,0,1
PBKSvsCSK_image_33.jpg,Train,1,14,1,0,0,0,0,0,0,0,0,0
KKRvsLSG_image_112.jpg,Train,2,7,0,0,0,1,1,0,0,0,0,0
KKRvsPBKS_image_125.jpg,Train,2,3,0,0,0,2,0,0,0,0,0,0
SRHvsDC_image_70.jpg,Train,1,7,0,0,0,0,0,0,0,0,0,1
PBKSvsCSK_image_187.jpg,Train,2,22,1,0,0,0,0,0,1,0,0,0
SRHvsMI_image_19.jpg,Train,1,12,0,0,0,0,0,1,0,0,0,0
RRvsCSK_image_127.jpg,Train,2,10,1,0,0,0,0,0,0,1,0,0
RCBvsRR_image_207.jpg,Train,4,7,0,0,0,0,0,0,0,4,0,0
MIvsCSK_image_268.jpg,Train,0,0,0,0,0,0,0,0,0,0,0,0
GTvsMI_image_257.jpg,Train,1,7,0,0,1,0,0,0,0,0,0,0
PBKSvsCSK_image_18.jpg,Train,1,6,0,0,0,0,0,0,1,0,0,0
KKRvsLSG_image_56.jpg,Train,2,14,0,0,0,1,1,0,0,0,0,0
LSGvsRCB_image_176.jpg,Train,1,4,0,0,0,0,0,0,0,0,1,0
GTvsLSG_image_178.jpg,Train,2,6,0,0,1,0,1,0,0,0,0,0
KKRvsSRH_image_131.jpg,Train,2,19,0,0,0,1,0,0,0,0,0,1
GTvsPBKS_image_19.jpg,Train,2,3,0,0,1,0,0,0,1,0,0,0
LSGvsCSK_image_222.jpg,Train,1,8,0,0,0,0,1,0,0,0,0,0
SRHvsPBKS_image_28.jpg,Train,2,12,0,0,0,0,0,0,0,0,0,2
SRHvsDC_image_71.jpg,Train,2,8,0,1,0,0,0,0,0,0,0,1
SRHvsDC_image_159.jpg,Train,1,7,0,0,0,0,0,0,0,0,0,1
RRvsCSK_image_198.jpg,Train,4,13,2,0,0,0,0,0,0,2,0,0
PBKSvsMI_image_40.jpg,Train,2,5,0,0,0,0,0,1,1,0,0,0
KKRvsPBKS_image_30.jpg,Train,2,27,0,0,0,2,0,0,0,0,0,0
GTvsSRH_image_55.jpg,Train,1,5,0,0,1,0,0,0,0,0,0,0
SRHvsDC_image_161.jpg,Train,2,8,0,1,0,0,0,0,0,0,0,1
KKRvsCSK_image_0.jpg,Train,2,8,1,0,0,1,0,0,0,0,0,0
SRHvsMI_image_112.jpg,Train,1,11,0,0,0,0,0,1,0,0,0,0
PBKSvsCSK_image_69.jpg,Train,1,3,0,0,0,0,0,0,1,0,0,0
GTvsLSG_image_13.jpg,Train,1,5,0,0,0,0,1,0,0,0,0,0
MIvsKKR_image_0.jpg,Train,1,11,0,0,0,0,0,1,0,0,0,0
RCBvsGT_image_53.jpg,Train,1,6,0,0,1,0,0,0,0,0,0,0
RCBvsDC_image_162.jpg,Train,2,3,0,2,0,0,0,0,0,0,0,0
GTvsRR_image_173.jpg,Train,2,5,0,0,1,0,0,0,0,1,0,0
KKRvsPBKS_image_79.jpg,Train,1,10,0,0,0,1,0,0,0,0,0,0
RCBvsRR_image_222.jpg,Train,2,17,0,0,0,0,0,0,0,2,0,0
GTvsSRH_image_297.jpg,Train,1,5,0,0,0,0,0,0,0,0,0,1
MIvsCSK_image_163.jpg,Train,2,8,1,0,0,0,0,1,0,0,0,0
GTvsMI_image_73.jpg,Train,2,13,0,0,1,0,0,1,0,0,0,0
LSGvsCSK_image_32.jpg,Train,2,7,2,0,0,0,0,0,0,0,0,0
RCBvsPBKS_image_32.jpg,Train,1,7,0,0,0,0,0,0,1,0,0,0
SRHvsMI_image_17.jpg,Train,2,20,0,0,0,0,0,1,0,0,0,1
MIvsDC_image_251.jpg,Train,0,0,0,0,0,0,0,0,0,0,0,0
KKRvsRCB_image_67.jpg,Train,3,12,0,0,0,0,0,0,1,0,2,0
MIvsKKR_image_113.jpg,Train,1,30,0,0,0,0,0,1,0,0,0,0
LSGvsRCB_image_188.jpg,Train,3,9,0,0,0,0,1,0,0,0,2,0
PBKSvsCSK_image_57.jpg,Train,2,6,1,0,0,0,0,0,1,0,0,0
RCBvsPBKS_image_125.jpg,Train,4,10,0,0,0,0,0,0,2,0,1,1
GTvsRR_image_63.jpg,Train,1,9,0,0,0,0,0,0,0,1,0,0
KKRvsCSK_image_41.jpg,Train,1,11,0,0,0,1,0,0,0,0,0,0
PBKSvsCSK_image_224.jpg,Train,2,4,0,0,0,0,0,0,1,0,1,0
SRHvsPBKS_image_99.jpg,Train,2,11,0,0,0,0,0,0,1,0,0,1
SRHvsDC_image_79.jpg,Train,2,12,0,1,0,0,0,0,0,0,0,1
SRHvsMI_image_170.jpg,Train,1,10,0,0,0,0,0,1,0,0,0,0
SRHvsMI_image_203.jpg,Train,2,20,0,0,0,0,0,1,0,0,0,1
KKRvsRCB_image_46.jpg,Train,2,5,0,0,0,0,0,0,0,0,2,0
RCBvsPBKS_image_42.jpg,Train,2,27,0,0,0,0,0,0,1,0,1,0
RRvsMI_image_127.jpg,Train,2,14,0,0,0,0,0,1,0,1,0,0
RRvsMI_image_45.jpg,Train,3,24,0,0,0,0,0,2,0,1,0,0
RCBvsGT_image_63.jpg,Train,1,9,0,0,1,0,0,0,0,0,0,0
SRHvsMI_image_65.jpg,Train,2,17,0,0,0,0,0,0,0,0,0,2
PBKSvsCSK_image_131.jpg,Train,1,20,1,0,0,0,0,0,0,0,0,0
KKRvsPBKS_image_1.jpg,Train,1,3,0,0,0,0,0,0,1,0,0,0
LSGvsMI_image_61.jpg,Train,1,6,0,0,0,0,0,1,0,0,0,0
SRHvsMI_image_212.jpg,Train,2,22,0,0,0,0,0,1,0,0,0,1
PBKSvsMI_image_77.jpg,Train,2,9,0,0,0,0,0,1,1,0,0,0
GTvsLSG_image_195.jpg,Train,1,4,0,0,1,0,0,0,0,0,0,0
RCBvsDC_image_7.jpg,Train,1,5,0,1,0,0,0,0,0,0,0,0
KKRvsSRH_image_264.jpg,Train,1,26,0,0,0,0,0,0,0,0,0,1
MIvsKKR_image_12.jpg,Train,2,6,0,0,0,1,0,1,0,0,0,0
PBKSvsCSK_image_140.jpg,Train,3,26,0,0,0,0,0,0,1,0,2,0
RCBvsCSK_image_32.jpg,Train,1,7,1,0,0,0,0,0,0,0,0,0
MIvsRCB_image_113.jpg,Train,1,8,0,0,0,0,0,0,0,0,1,0
GTvsMI_image_95.jpg,Train,1,8,0,0,0,0,0,1,0,0,0,0
PBKSvsCSK_image_204.jpg,Train,1,8,1,0,0,0,0,0,0,0,0,0
KKRvsLSG_image_16.jpg,Train,1,9,0,0,0,0,1,0,0,0,0,0
MIvsRCB_image_152.jpg,Train,1,3,0,0,0,0,0,0,0,0,1,0
RCBvsCSK_image_189.jpg,Train,1,10,0,0,0,0,0,0,0,0,1,0
PBKSvsMI_image_47.jpg,Train,1,6,0,0,0,0,0,1,0,0,0,0
KKRvsRCB_image_23.jpg,Train,1,2,0,0,0,0,0,0,0,0,1,0
MIvsKKR_image_14.jpg,Train,2,18,0,0,0,2,0,0,0,0,0,0
SRHvsDC_image_133.jpg,Train,2,2,0,0,0,0,0,0,0,0,0,2
RCBvsCSK_image_206.jpg,Train,2,8,1,0,0,0,0,0,0,0,1,0
SRHvsMI_image_59.jpg,Train,4,18,0,0,0,0,0,2,0,0,0,2
MIvsKKR_image_49.jpg,Train,2,7,0,0,0,1,0,1,0,0,0,0
RCBvsRR_image_22.jpg,Train,1,9,0,0,0,0,0,0,0,1,0,0
KKRvsPBKS_image_171.jpg,Train,1,4,0,0,0,0,0,0,1,0,0,0
GTvsRR_image_44.jpg,Train,2,15,0,0,2,0,0,0,0,0,0,0
KKRvsSRH_image_228.jpg,Train,3,35,0,0,0,1,0,0,0,0,0,2
RRvsCSK_image_259.jpg,Train,1,6,1,0,0,0,0,0,0,0,0,0
KKRvsSRH_image_215.jpg,Train,1,12,0,0,0,0,0,0,0,0,0,1
SRHvsDC_image_100.jpg,Train,1,15,0,0,0,0,0,0,0,0,0,1
MIvsCSK_image_105.jpg,Train,3,6,2,0,0,0,0,1,0,0,0,0
SRHvsDC_image_158.jpg,Train,2,7,0,1,0,0,0,0,0,0,0,1
MIvsDC_image_26.jpg,Train,1,2,0,1,0,0,0,0,0,0,0,0
GTvsLSG_image_8.jpg,Train,1,25,0,0,0,0,1,0,0,0,0,0
GTvsSRH_image_53.jpg,Train,1,9,0,0,1,0,0,0,0,0,0,0
PBKSvsDC_image_79.jpg,Train,2,8,0,1,0,0,0,0,1,0,0,0
PBKSvsDC_image_50.jpg,Train,2,9,0,1,0,0,0,0,1,0,0,0
KKRvsRCB_image_10.jpg,Train,1,4,0,0,0,1,0,0,0,0,0,0
PBKSvsCSK_image_166.jpg,Train,2,4,1,0,0,0,0,0,1,0,0,0
SRHvsRR_image_95.jpg,Train,2,24,0,0,0,0,0,0,0,0,0,2
SRHvsMI_image_99.jpg,Train,1,10,0,0,0,0,0,1,0,0,0,0
MIvsDC_image_35.jpg,Train,2,13,0,1,0,0,0,1,0,0,0,0
PBKSvsMI_image_144.jpg,Train,1,13,0,0,0,0,0,1,0,0,0,0
KKRvsSRH_image_237.jpg,Train,1,36,0,0,0,1,0,0,0,0,0,0
GTvsLSG_image_55.jpg,Train,1,6,0,0,1,0,0,0,0,0,0,0
SRHvsMI_image_31.jpg,Train,2,33,0,0,0,0,0,1,0,0,0,1
SRHvsPBKS_image_107.jpg,Train,2,10,0,0,0,0,0,0,1,0,0,1
GTvsMI_image_263.jpg,Train,1,6,0,0,1,0,0,0,0,0,0,0
KKRvsSRH_image_134.jpg,Train,1,11,0,0,0,1,0,0,0,0,0,0
SRHvsDC_image_64.jpg,Train,1,3,0,1,0,0,0,0,0,0,0,0
KKRvsRCB_image_51.jpg,Train,1,6,0,0,0,0,0,0,0,0,1,0
SRHvsMI_image_229.jpg,Train,1,28,0,0,0,0,0,1,0,0,0,0
LSGvsRCB_image_214.jpg,Train,1,5,0,0,0,0,0,0,0,0,1,0
LSGvsSRH_image_310.jpg,Train,1,6,0,0,0,0,1,0,0,0,0,0
KKRvsSRH_image_238.jpg,Train,1,12,0,0,0,1,0,0,0,0,0,0
KKRvsLSG_image_127.jpg,Train,1,6,0,0,0,1,0,0,0,0,0,0
KKRvsPBKS_image_41.jpg,Train,1,6,0,0,0,0,0,0,1,0,0,0
KKRvsSRH_image_202.jpg,Train,1,9,0,0,0,1,0,0,0,0,0,0
GTvsMI_image_226.jpg,Train,1,1,0,0,1,0,0,0,0,0,0,0
GTvsRR_image_15.jpg,Train,1,19,0,0,1,0,0,0,0,0,0,0
GTvsLSG_image_3.jpg,Train,2,13,0,0,0,0,2,0,0,0,0,0
RCBvsPBKS_image_41.jpg,Train,1,6,0,0,0,0,0,0,1,0,0,0
MIvsCSK_image_122.jpg,Train,2,7,2,0,0,0,0,0,0,0,0,0
RCBvsPBKS_image_122.jpg,Train,2,7,0,0,0,0,0,0,2,0,0,0
MIvsDC_image_187.jpg,Train,0,0,0,0,0,0,0,0,0,0,0,0
KKRvsSRH_image_270.jpg,Train,2,17,0,0,0,1,0,0,0,0,0,1
PBKSvsDC_image_58.jpg,Train,1,17,0,1,0,0,0,0,0,0,0,0
PBKSvsMI_image_20.jpg,Train,1,6,0,0,0,0,0,0,1,0,0,0
KKRvsLSG_image_66.jpg,Train,1,11,0,0,0,0,1,0,0,0,0,0
SRHvsMI_image_221.jpg,Train,1,14,0,0,0,0,0,1,0,0,0,0
LSGvsSRH_image_52.jpg,Train,1,6,0,0,0,0,0,0,0,0,0,1
RCBvsCSK_image_188.jpg,Train,2,9,1,0,0,0,0,0,0,0,1,0
PBKSvsCSK_image_147.jpg,Train,1,7,1,0,0,0,0,0,0,0,0,0
LSGvsRCB_image_231.jpg,Train,1,5,0,0,0,0,0,0,0,0,1,0
GTvsRR_image_46.jpg,Train,1,8,0,0,0,0,0,0,0,1,0,0
LSGvsCSK_image_26.jpg,Train,1,22,1,0,0,0,0,0,0,0,0,0
KKRvsPBKS_image_99.jpg,Train,2,4,0,0,0,1,0,0,1,0,0,0
RRvsLSG_image_40.jpg,Train,1,3,0,0,0,0,1,0,0,0,0,0
RCBvsGT_image_18.jpg,Train,2,18,0,0,1,0,0,0,0,0,1,0
RCBvsPBKS_image_1.jpg,Train,2,8,0,0,0,0,0,0,1,0,1,0
LSGvsRCB_image_201.jpg,Train,4,19,0,0,0,0,0,0,2,0,2,0
RRvsMI_image_138.jpg,Train,2,39,0,0,0,0,0,1,0,1,0,0
PBKSvsMI_image_55.jpg,Train,2,10,0,0,0,0,0,1,1,0,0,0
RRvsCSK_image_221.jpg,Train,1,4,1,0,0,0,0,0,0,0,0,0
GTvsMI_image_127.jpg,Train,1,7,0,0,1,0,0,0,0,0,0,0
LSGvsRCB_image_184.jpg,Train,1,8,0,0,0,0,1,0,0,0,0,0
RRvsMI_image_104.jpg,Train,2,30,0,0,0,0,0,1,0,1,0,0
LSGvsSRH_image_299.jpg,Train,1,6,0,0,0,0,0,0,0,0,0,1
KKRvsPBKS_image_60.jpg,Train,3,5,0,0,0,3,0,0,0,0,0,0
RCBvsSRH_image_69.jpg,Train,1,5,0,0,0,0,0,0,0,0,1,0
SRHvsMI_image_235.jpg,Train,1,35,0,0,0,0,0,1,0,0,0,0
GTvsMI_image_102.jpg,Train,1,11,0,0,1,0,0,0,0,0,0,0
RRvsCSK_image_113.jpg,Train,2,11,1,0,0,0,0,0,0,1,0,0
SRHvsRR_image_86.jpg,Train,1,16,0,0,0,0,0,0,0,0,0,1
SRHvsDC_image_124.jpg,Train,1,4,0,1,0,0,0,0,0,0,0,0
SRHvsPBKS_image_145.jpg,Train,4,10,0,0,0,0,0,0,1,0,0,3
GTvsPBKS_image_83.jpg,Train,1,9,0,0,0,0,0,0,1,0,0,0
KKRvsCSK_image_266.jpg,Train,2,13,1,0,0,1,0,0,0,0,0,0
KKRvsSRH_image_219.jpg,Train,1,7,0,0,0,0,0,0,0,0,0,1
KKRvsPBKS_image_146.jpg,Train,1,14,0,0,0,1,0,0,0,0,0,0
KKRvsLSG_image_58.jpg,Train,2,17,0,0,0,1,1,0,0,0,0,0
PBKSvsDC_image_21.jpg,Train,1,6,0,0,0,0,0,0,1,0,0,0
LSGvsMI_image_202.jpg,Train,2,8,0,0,0,0,2,0,0,0,0,0
GTvsPBKS_image_14.jpg,Train,2,17,0,0,0,0,0,0,2,0,0,0
SRHvsMI_image_62.jpg,Train,1,43,0,0,0,0,0,1,0,0,0,0
PBKSvsCSK_image_143.jpg,Train,1,15,1,0,0,0,0,0,0,0,0,0
RRvsLSG_image_88.jpg,Train,1,4,0,0,0,0,1,0,0,0,0,0
MIvsKKR_image_51.jpg,Train,1,6,0,0,0,0,0,1,0,0,0,0
SRHvsDC_image_105.jpg,Train,1,3,0,0,0,0,0,0,0,0,0,1
KKRvsPBKS_image_65.jpg,Train,1,10,0,0,0,1,0,0,0,0,0,0
GTvsMI_image_114.jpg,Train,2,7,0,0,1,0,0,1,0,0,0,0
RCBvsGT_image_75.jpg,Train,1,5,0,0,0,0,0,0,0,0,1,0
RCBvsRR_image_35.jpg,Train,1,20,0,0,0,0,0,0,0,0,1,0
RCBvsDC_image_237.jpg,Train,1,5,0,1,0,0,0,0,0,0,0,0
KKRvsRR_image_53.jpg,Train,1,7,0,0,0,0,0,0,0,1,0,0
GTvsPBKS_image_85.jpg,Train,1,15,0,0,0,0,0,0,1,0,0,0
PBKSvsCSK_image_106.jpg,Train,1,6,1,0,0,0,0,0,0,0,0,0
PBKSvsCSK_image_234.jpg,Train,2,14,0,0,0,0,0,0,2,0,0,0
KKRvsCSK_image_126.jpg,Train,2,25,1,0,0,1,0,0,0,0,0,0
PBKSvsCSK_image_161.jpg,Train,1,10,1,0,0,0,0,0,0,0,0,0
KKRvsSRH_image_190.jpg,Train,1,9,0,0,0,0,0,0,0,0,0,1
PBKSvsCSK_image_213.jpg,Train,1,12,0,0,0,0,0,0,1,0,0,0
SRHvsDC_image_72.jpg,Train,1,22,0,1,0,0,0,0,0,0,0,0
LSGvsCSK_image_136.jpg,Train,1,7,1,0,0,0,0,0,0,0,0,0
MIvsRCB_image_103.jpg,Train,2,31,0,0,0,0,0,2,0,0,0,0
KKRvsLSG_image_59.jpg,Train,1,27,0,0,0,0,1,0,0,0,0,0
KKRvsRR_image_115.jpg,Train,1,8,0,0,0,1,0,0,0,0,0,0
LSGvsCSK_image_22.jpg,Train,2,11,1,0,0,0,1,0,0,0,0,0
KKRvsPBKS_image_221.jpg,Train,1,2,0,0,0,0,0,0,1,0,0,0
SRHvsMI_image_116.jpg,Train,1,14,0,0,0,0,0,0,0,0,0,1
PBKSvsCSK_image_5.jpg,Train,1,7,0,0,0,0,0,0,1,0,0,0
SRHvsDC_image_141.jpg,Train,1,5,0,1,0,0,0,0,0,0,0,0
MIvsRCB_image_129.jpg,Train,1,3,0,0,0,0,0,1,0,0,0,0
KKRvsGT_image_143.jpg,Train,2,7,0,0,0,2,0,0,0,0,0,0
KKRvsPBKS_image_163.jpg,Train,2,5,0,0,0,1,0,0,1,0,0,0
PBKSvsDC_image_38.jpg,Train,2,20,0,0,0,0,0,0,2,0,0,0
SRHvsDC_image_29.jpg,Train,1,7,0,1,0,0,0,0,0,0,0,0
PBKSvsCSK_image_190.jpg,Train,2,13,1,0,0,0,0,0,1,0,0,0
PBKSvsDC_image_100.jpg,Train,2,8,0,1,0,0,0,0,1,0,0,0
GTvsMI_image_270.jpg,Train,1,8,0,0,0,0,0,1,0,0,0,0
PBKSvsCSK_image_164.jpg,Train,1,6,1,0,0,0,0,0,0,0,0,0
PBKSvsCSK_image_260.jpg,Train,1,5,0,0,0,0,0,0,1,0,0,0
MIvsKKR_image_36.jpg,Train,1,7,0,0,0,0,0,1,0,0,0,0
LSGvsRCB_image_4.jpg,Train,1,6,0,0,0,0,0,0,0,0,1,0
KKRvsSRH_image_86.jpg,Train,1,21,0,0,0,0,0,0,0,0,0,1
GTvsMI_image_220.jpg,Train,1,10,0,0,0,0,0,1,0,0,0,0
MIvsRCB_image_155.jpg,Train,2,8,0,0,0,0,0,1,0,0,1,0
SRHvsMI_image_107.jpg,Train,1,21,0,0,0,0,0,0,0,0,0,1
KKRvsSRH_image_253.jpg,Train,1,10,0,0,0,1,0,0,0,0,0,0
GTvsPBKS_image_28.jpg,Train,1,3,0,0,1,0,0,0,0,0,0,0
PBKSvsCSK_image_88.jpg,Train,2,11,1,0,0,0,0,0,1,0,0,0
MIvsCSK_image_70.jpg,Train,3,10,3,0,0,0,0,0,0,0,0,0
SRHvsMI_image_118.jpg,Train,1,12,0,0,0,0,0,0,0,0,0,1
GTvsRR_image_146.jpg,Train,2,17,0,0,2,0,0,0,0,0,0,0
MIvsCSK_image_267.jpg,Train,1,3,1,0,0,0,0,0,0,0,0,0
MIvsCSK_image_5.jpg,Train,2,7,1,0,0,0,0,1,0,0,0,0
RRvsCSK_image_257.jpg,Train,1,4,0,0,0,0,0,0,0,1,0,0
KKRvsSRH_image_36.jpg,Train,2,18,0,0,0,2,0,0,0,0,0,0
KKRvsRCB_image_5.jpg,Train,3,17,0,0,0,0,0,0,0,0,3,0
PBKSvsCSK_image_133.jpg,Train,2,22,0,0,0,0,0,0,2,0,0,0
SRHvsPBKS_image_141.jpg,Train,2,2,0,0,0,0,0,1,0,0,0,1
SRHvsMI_image_108.jpg,Train,1,11,0,0,0,0,0,1,0,0,0,0
KKRvsPBKS_image_106.jpg,Train,1,6,0,0,0,0,0,0,1,0,0,0
SRHvsRR_image_103.jpg,Train,1,6,0,0,0,0,0,0,0,0,0,1
PBKSvsCSK_image_8.jpg,Train,2,12,1,0,0,0,0,0,1,0,0,0
KKRvsSRH_image_29.jpg,Train,1,17,0,0,0,0,0,0,0,0,0,1
SRHvsDC_image_153.jpg,Train,1,2,0,1,0,0,0,0,0,0,0,0
KKRvsSRH_image_192.jpg,Train,1,12,0,0,0,0,0,0,0,0,0,1
GTvsLSG_image_272.jpg,Train,1,20,0,0,1,0,0,0,0,0,0,0
LSGvsCSK_image_125.jpg,Train,1,5,1,0,0,0,0,0,0,0,0,0
PBKSvsMI_image_38.jpg,Train,1,6,0,0,0,0,0,1,0,0,0,0
MIvsCSK_image_31.jpg,Train,2,2,1,0,0,0,0,1,0,0,0,0
SRHvsMI_image_15.jpg,Train,1,18,0,0,0,0,0,1,0,0,0,0
MIvsCSK_image_278.jpg,Train,2,6,1,0,0,0,0,1,0,0,0,0
KKRvsPBKS_image_127.jpg,Train,2,4,0,0,0,1,0,0,1,0,0,0
RRvsLSG_image_81.jpg,Train,2,6,0,0,0,0,0,0,0,2,0,0
PBKSvsDC_image_51.jpg,Train,3,13,0,1,0,0,0,0,2,0,0,0
PBKSvsDC_image_4.jpg,Train,2,9,0,1,0,0,0,0,1,0,0,0
GTvsLSG_image_269.jpg,Train,1,20,0,0,1,0,0,0,0,0,0,0
GTvsSRH_image_254.jpg,Train,1,3,0,0,0,0,0,0,0,0,0,1
MIvsRCB_image_124.jpg,Train,2,7,0,0,0,0,0,0,0,0,2,0
SRHvsRR_image_34.jpg,Train,5,18,0,0,0,0,0,0,0,4,0,1
RCBvsCSK_image_45.jpg,Train,2,8,0,0,0,0,0,0,0,0,2,0
GTvsLSG_image_361.jpg,Train,1,21,0,0,1,0,0,0,0,0,0,0
LSGvsRCB_image_229.jpg,Train,1,3,0,0,0,0,1,0,0,0,0,0
KKRvsRCB_image_39.jpg,Train,2,4,0,0,0,1,0,0,0,0,1,0
RCBvsCSK_image_366.jpg,Train,1,5,0,0,0,0,0,0,0,0,1,0
GTvsRR_image_202.jpg,Train,1,6,0,0,0,0,0,0,0,1,0,0
GTvsPBKS_image_69.jpg,Train,3,7,0,0,2,0,0,0,1,0,0,0
KKRvsSRH_image_199.jpg,Train,2,19,0,0,0,2,0,0,0,0,0,0
GTvsMI_image_214.jpg,Train,1,4,0,0,1,0,0,0,0,0,0,0
RCBvsGT_image_88.jpg,Train,1,5,0,0,1,0,0,0,0,0,0,0
LSGvsMI_image_71.jpg,Train,1,6,0,0,0,0,0,1,0,0,0,0
SRHvsPBKS_image_23.jpg,Train,2,21,0,0,0,0,0,1,0,0,0,1
KKRvsSRH_image_114.jpg,Train,1,28,0,0,0,0,0,0,0,0,0,1
RCBvsPBKS_image_85.jpg,Train,1,9,0,0,0,0,0,0,0,0,1,0
MIvsDC_image_181.jpg,Train,3,13,0,1,0,0,0,2,0,0,0,0
KKRvsLSG_image_67.jpg,Train,1,12,0,0,0,0,1,0,0,0,0,0
RCBvsPBKS_image_60.jpg,Train,2,8,0,0,0,0,0,0,1,0,1,0
PBKSvsCSK_image_25.jpg,Train,1,3,0,0,0,0,0,0,1,0,0,0
PBKSvsCSK_image_282.jpg,Train,1,8,1,0,0,0,0,0,0,0,0,0
KKRvsSRH_image_90.jpg,Train,2,20,0,0,0,2,0,0,0,0,0,0
RRvsCSK_image_180.jpg,Train,1,18,1,0,0,0,0,0,0,0,0,0
KKRvsLSG_image_117.jpg,Train,2,5,0,0,0,0,1,1,0,0,0,0
SRHvsMI_image_136.jpg,Train,1,10,0,0,0,0,0,1,0,0,0,0
PBKSvsDC_image_72.jpg,Train,3,14,0,0,0,0,0,0,3,0,0,0
KKRvsCSK_image_117.jpg,Train,1,4,1,0,0,0,0,0,0,0,0,0
PBKSvsCSK_image_101.jpg,Train,1,4,0,0,0,0,0,0,1,0,0,0
RCBvsRR_image_4.jpg,Train,2,15,0,0,0,0,0,0,0,1,1,0
RCBvsDC_image_38.jpg,Train,1,5,0,0,0,0,0,0,0,0,1,0
GTvsLSG_image_36.jpg,Train,1,6,0,0,0,0,1,0,0,0,0,0
RCBvsGT_image_43.jpg,Train,2,16,0,0,2,0,0,0,0,0,0,0
PBKSvsCSK_image_114.jpg,Train,2,13,1,0,0,0,0,0,1,0,0,0
KKRvsLSG_image_34.jpg,Train,1,33,0,0,0,1,0,0,0,0,0,0
RCBvsCSK_image_110.jpg,Train,1,3,1,0,0,0,0,0,0,0,0,0
GTvsLSG_image_347.jpg,Train,2,6,0,0,1,0,1,0,0,0,0,0
PBKSvsCSK_image_222.jpg,Train,1,9,1,0,0,0,0,0,0,0,0,0
SRHvsPBKS_image_147.jpg,Train,1,8,0,0,0,0,0,0,0,0,0,1
GTvsPBKS_image_90.jpg,Train,4,9,0,0,2,0,0,0,2,0,0,0
KKRvsRCB_image_103.jpg,Train,1,6,0,0,0,0,0,0,0,0,1,0
SRHvsDC_image_101.jpg,Train,1,4,0,0,0,0,0,0,0,0,0,1
RCBvsDC_image_21.jpg,Train,1,4,0,1,0,0,0,0,0,0,0,0
GTvsSRH_image_45.jpg,Train,1,7,0,0,1,0,0,0,0,0,0,0
GTvsRR_image_158.jpg,Train,2,14,0,0,0,0,0,0,0,2,0,0
SRHvsMI_image_174.jpg,Train,1,13,0,0,0,0,0,1,0,0,0,0
RCBvsGT_image_141.jpg,Train,1,6,0,0,1,0,0,0,0,0,0,0
LSGvsSRH_image_47.jpg,Train,1,10,0,0,0,0,0,0,0,0,0,1
MIvsDC_image_140.jpg,Train,2,3,0,0,0,0,0,2,0,0,0,0
KKRvsSRH_image_17.jpg,Train,2,8,0,0,0,0,0,0,0,0,1,1
KKRvsPBKS_image_145.jpg,Train,1,2,0,0,0,0,0,0,1,0,0,0
PBKSvsDC_image_17.jpg,Train,1,5,0,1,0,0,0,0,0,0,0,0
MIvsKKR_image_19.jpg,Train,2,10,0,0,0,1,0,1,0,0,0,0
KKRvsPBKS_image_133.jpg,Train,2,4,0,0,0,1,0,0,1,0,0,0
KKRvsSRH_image_183.jpg,Train,1,9,0,0,0,0,0,0,0,0,0,1
KKRvsSRH_image_157.jpg,Train,1,8,0,0,0,0,0,0,0,0,0,1
KKRvsCSK_image_138.jpg,Train,2,14,1,0,0,1,0,0,0,0,0,0
PBKSvsCSK_image_295.jpg,Train,1,6,0,0,0,0,0,0,1,0,0,0
RCBvsGT_image_59.jpg,Train,2,6,0,0,0,0,0,0,0,0,2,0
SRHvsMI_image_111.jpg,Train,2,14,0,0,0,0,0,1,0,0,0,1
RCBvsPBKS_image_10.jpg,Train,1,10,0,0,0,0,0,0,0,0,1,0
SRHvsMI_image_117.jpg,Train,1,8,0,0,0,0,0,1,0,0,0,0
RCBvsRR_image_97.jpg,Train,2,23,0,0,0,0,0,0,0,1,1,0
RCBvsSRH_image_56.jpg,Train,2,5,0,0,0,0,0,0,0,0,1,1
SRHvsPBKS_image_10.jpg,Train,2,8,0,0,0,0,0,0,1,0,0,1
PBKSvsCSK_image_94.jpg,Train,1,10,1,0,0,0,0,0,0,0,0,0
RRvsCSK_image_245.jpg,Train,1,5,0,0,0,0,0,0,0,1,0,0
GTvsPBKS_image_84.jpg,Train,1,2,0,0,0,0,0,0,1,0,0,0
PBKSvsCSK_image_274.jpg,Train,1,13,1,0,0,0,0,0,0,0,0,0
KKRvsCSK_image_251.jpg,Train,1,15,0,0,0,1,0,0,0,0,0,0
SRHvsPBKS_image_110.jpg,Train,1,3,0,0,0,0,0,0,0,0,0,1
PBKSvsDC_image_86.jpg,Train,1,12,0,1,0,0,0,0,0,0,0,0
RRvsCSK_image_208.jpg,Train,1,5,0,0,0,0,0,0,0,1,0,0
LSGvsSRH_image_309.jpg,Train,4,8,0,0,0,0,2,0,0,0,0,2
MIvsCSK_image_131.jpg,Train,0,0,0,0,0,0,0,0,0,0,0,0
KKRvsSRH_image_274.jpg,Train,1,11,0,0,0,0,0,0,0,0,0,1
KKRvsGT_image_36.jpg,Train,2,14,0,0,1,1,0,0,0,0,0,0
LSGvsSRH_image_267.jpg,Train,1,27,0,0,0,0,1,0,0,0,0,0
KKRvsPBKS_image_98.jpg,Train,2,4,0,0,0,1,0,0,1,0,0,0
LSGvsSRH_image_313.jpg,Train,1,5,0,0,0,0,0,0,0,0,0,1
RRvsCSK_image_41.jpg,Train,1,20,1,0,0,0,0,0,0,0,0,0
SRHvsPBKS_image_19.jpg,Train,3,15,0,0,0,0,0,0,2,0,0,1
GTvsLSG_image_360.jpg,Train,2,8,0,0,2,0,0,0,0,0,0,0
SRHvsMI_image_94.jpg,Train,2,16,0,0,0,0,0,1,0,0,0,1
RRvsMI_image_72.jpg,Train,2,22,0,0,0,0,0,0,0,2,0,0
KKRvsLSG_image_77.jpg,Train,1,6,0,0,0,1,0,0,0,0,0,0
KKRvsGT_image_40.jpg,Train,1,4,0,0,0,1,0,0,0,0,0,0
KKRvsSRH_image_63.jpg,Train,3,20,0,0,0,0,0,1,0,0,0,2
KKRvsLSG_image_114.jpg,Train,2,8,0,0,0,0,2,0,0,0,0,0
MIvsRCB_image_13.jpg,Train,1,9,0,0,0,0,0,1,0,0,0,0
GTvsRR_image_78.jpg,Train,1,12,0,0,0,0,0,0,0,1,0,0
KKRvsPBKS_image_111.jpg,Train,1,7,0,0,0,0,0,0,1,0,0,0
KKRvsRCB_image_29.jpg,Train,1,3,0,0,0,1,0,0,0,0,0,0
KKRvsSRH_image_30.jpg,Train,1,31,0,0,0,1,0,0,0,0,0,0
MIvsRCB_image_120.jpg,Train,1,4,0,0,0,0,0,0,0,0,1,0
KKRvsPBKS_image_6.jpg,Train,1,2,0,0,0,0,0,0,1,0,0,0
LSGvsSRH_image_240.jpg,Train,1,9,0,0,0,0,0,0,0,0,0,1
MIvsRCB_image_133.jpg,Train,1,12,0,0,0,0,0,1,0,0,0,0
SRHvsDC_image_2.jpg,Train,1,10,0,1,0,0,0,0,0,0,0,0
LSGvsSRH_image_298.jpg,Train,3,11,0,0,0,0,1,1,0,0,0,1
MIvsDC_image_231.jpg,Train,2,23,0,0,0,0,0,2,0,0,0,0
SRHvsRR_image_121.jpg,Train,1,7,0,0,0,0,0,0,0,0,0,1
KKRvsSRH_image_11.jpg,Train,1,10,0,0,0,0,0,0,0,0,0,1
LSGvsCSK_image_20.jpg,Train,2,6,0,0,0,0,2,0,0,0,0,0
PBKSvsDC_image_26.jpg,Train,3,13,0,0,0,0,0,0,2,0,0,1
GTvsLSG_image_296.jpg,Train,1,5,0,0,1,0,0,0,0,0,0,0
RCBvsSRH_image_183.jpg,Train,1,21,0,0,0,0,0,0,0,0,1,0
SRHvsMI_image_14.jpg,Train,1,17,0,0,0,0,0,1,0,0,0,0
PBKSvsDC_image_95.jpg,Train,1,3,0,0,0,0,0,0,1,0,0,0
KKRvsCSK_image_113.jpg,Train,1,14,0,0,0,1,0,0,0,0,0,0
MIvsKKR_image_27.jpg,Train,1,11,0,0,0,0,0,1,0,0,0,0
RCBvsRR_image_127.jpg,Train,1,7,0,0,0,0,0,0,0,1,0,0
RCBvsSRH_image_8.jpg,Train,1,7,0,0,0,0,0,0,0,0,1,0
LSGvsRCB_image_215.jpg,Train,1,5,0,0,0,0,0,0,0,0,1,0
GTvsSRH_image_95.jpg,Train,1,12,0,0,1,0,0,0,0,0,0,0
SRHvsDC_image_178.jpg,Train,3,18,0,1,0,0,0,0,0,0,0,2
LSGvsSRH_image_272.jpg,Train,1,10,0,0,0,0,0,0,0,0,0,1
KKRvsLSG_image_54.jpg,Train,1,27,0,0,0,0,1,0,0,0,0,0
MIvsKKR_image_38.jpg,Train,1,6,0,0,0,0,0,1,0,0,0,0
KKRvsSRH_image_87.jpg,Train,1,36,0,0,0,1,0,0,0,0,0,0
RRvsLSG_image_99.jpg,Train,1,3,0,0,0,0,0,0,0,1,0,0
PBKSvsCSK_image_239.jpg,Train,2,7,1,0,0,0,0,0,1,0,0,0
KKRvsPBKS_image_16.jpg,Train,2,2,0,0,0,0,0,0,2,0,0,0
RCBvsRR_image_69.jpg,Train,2,11,0,0,0,0,0,0,0,0,2,0
SRHvsMI_image_159.jpg,Train,2,13,0,0,0,0,0,0,0,0,0,2
RCBvsSRH_image_74.jpg,Train,1,6,0,0,0,0,0,0,0,0,0,1
SRHvsRR_image_73.jpg,Train,1,19,0,0,0,0,0,0,0,0,0,1
LSGvsMI_image_79.jpg,Train,1,6,0,0,0,0,0,1,0,0,0,0
KKRvsRCB_image_80.jpg,Train,1,4,0,0,0,0,0,0,0,0,1,0
KKRvsLSG_image_83.jpg,Train,1,10,0,0,0,0,1,0,0,0,0,0
RCBvsRR_image_2.jpg,Train,1,4,0,0,0,0,0,0,0,1,0,0
SRHvsPBKS_image_108.jpg,Train,1,6,0,0,0,0,0,0,0,0,0,1
LSGvsRCB_image_226.jpg,Train,1,4,0,0,0,0,0,0,0,0,1,0
PBKSvsCSK_image_58.jpg,Train,1,10,0,0,0,0,0,0,1,0,0,0
KKRvsSRH_image_44.jpg,Train,2,14,0,0,0,1,0,0,0,0,0,1
KKRvsRCB_image_8.jpg,Train,1,8,0,0,0,0,0,0,0,0,1,0
KKRvsSRH_image_211.jpg,Train,1,9,0,0,0,0,0,0,0,0,0,1
LSGvsRCB_image_22.jpg,Train,2,2,0,0,0,0,0,0,0,0,2,0
RCBvsPBKS_image_190.jpg,Train,4,18,0,0,0,0,0,0,2,0,2,0
SRHvsRR_image_17.jpg,Train,2,16,0,0,0,0,0,0,0,1,0,1
PBKSvsCSK_image_146.jpg,Train,2,10,0,0,0,0,0,0,1,0,1,0
GTvsMI_image_240.jpg,Train,1,1,0,0,1,0,0,0,0,0,0,0
KKRvsSRH_image_18.jpg,Train,2,15,0,0,0,1,0,0,0,0,0,1
MIvsCSK_image_86.jpg,Train,2,6,1,0,0,0,0,1,0,0,0,0
GTvsSRH_image_194.jpg,Train,2,7,0,0,0,0,0,0,0,0,0,2
SRHvsMI_image_42.jpg,Train,3,16,0,0,0,0,0,2,0,0,0,1
PBKSvsDC_image_54.jpg,Train,2,15,0,0,0,0,0,0,2,0,0,0
PBKSvsCSK_image_158.jpg,Train,1,10,1,0,0,0,0,0,0,0,0,0
SRHvsMI_image_133.jpg,Train,1,11,0,0,0,0,0,0,0,0,0,1
KKRvsLSG_image_87.jpg,Train,2,16,0,0,0,1,1,0,0,0,0,0
SRHvsDC_image_82.jpg,Train,2,12,0,2,0,0,0,0,0,0,0,0
KKRvsPBKS_image_22.jpg,Train,2,9,0,0,0,0,0,0,2,0,0,0
KKRvsSRH_image_155.jpg,Train,1,8,0,0,0,1,0,0,0,0,0,0
GTvsLSG_image_306.jpg,Train,2,8,0,0,0,0,2,0,0,0,0,0
KKRvsSRH_image_272.jpg,Train,3,23,0,0,0,1,0,0,0,0,0,2
PBKSvsDC_image_49.jpg,Train,1,14,0,1,0,0,0,0,0,0,0,0
RCBvsGT_image_0.jpg,Train,1,11,0,0,0,0,0,0,0,0,1,0
LSGvsSRH_image_282.jpg,Train,2,17,0,0,0,0,1,0,0,0,0,1
MIvsDC_image_283.jpg,Train,2,11,0,1,0,0,0,1,0,0,0,0
SRHvsPBKS_image_118.jpg,Train,0,0,0,0,0,0,0,0,0,0,0,0
RCBvsRR_image_265.jpg,Train,4,19,0,0,0,0,0,0,0,2,2,0
GTvsLSG_image_37.jpg,Train,1,7,0,0,0,0,1,0,0,0,0,0
MIvsKKR_image_112.jpg,Train,1,30,0,0,0,0,0,1,0,0,0,0
PBKSvsMI_image_26.jpg,Train,2,8,0,0,0,0,0,1,1,0,0,0
KKRvsCSK_image_70.jpg,Train,1,6,1,0,0,0,0,0,0,0,0,0
PBKSvsCSK_image_241.jpg,Train,1,5,1,0,0,0,0,0,0,0,0,0
SRHvsPBKS_image_93.jpg,Train,2,8,0,0,0,0,0,0,1,0,0,1
MIvsDC_image_36.jpg,Train,1,8,0,1,0,0,0,0,0,0,0,0
KKRvsPBKS_image_122.jpg,Train,1,1,0,0,0,1,0,0,0,0,0,0
PBKSvsDC_image_32.jpg,Train,2,25,0,0,0,0,0,0,2,0,0,0
RCBvsGT_image_35.jpg,Train,1,11,0,0,1,0,0,0,0,0,0,0
SRHvsDC_image_138.jpg,Train,1,3,0,1,0,0,0,0,0,0,0,0
KKRvsLSG_image_65.jpg,Train,1,30,0,0,0,0,1,0,0,0,0,0
SRHvsMI_image_56.jpg,Train,1,29,0,0,0,0,0,1,0,0,0,0
GTvsPBKS_image_71.jpg,Train,1,16,0,0,1,0,0,0,0,0,0,0
LSGvsSRH_image_304.jpg,Train,2,12,0,0,0,0,1,0,0,0,0,1
SRHvsMI_image_185.jpg,Train,1,9,0,0,0,0,0,0,0,0,0,1
RRvsLSG_image_11.jpg,Train,2,3,0,0,0,0,2,0,0,0,0,0
GTvsLSG_image_0.jpg,Train,1,3,0,0,0,0,1,0,0,0,0,0
LSGvsSRH_image_338.jpg,Train,1,14,0,0,0,0,0,0,0,0,0,1
LSGvsRCB_image_191.jpg,Train,1,16,0,0,0,0,1,0,0,0,0,0
SRHvsPBKS_image_96.jpg,Train,1,18,0,0,0,0,0,0,0,0,0,1
RRvsLSG_image_4.jpg,Train,1,4,0,0,0,0,0,0,0,1,0,0
PBKSvsDC_image_85.jpg,Train,1,6,0,1,0,0,0,0,0,0,0,0
KKRvsCSK_image_49.jpg,Train,1,6,1,0,0,0,0,0,0,0,0,0
KKRvsGT_image_144.jpg,Train,3,18,0,0,3,0,0,0,0,0,0,0
GTvsSRH_image_28.jpg,Train,2,13,0,0,2,0,0,0,0,0,0,0
GTvsLSG_image_308.jpg,Train,1,6,0,0,0,0,1,0,0,0,0,0
LSGvsSRH_image_250.jpg,Train,2,26,0,0,0,0,1,0,0,0,0,1
LSGvsCSK_image_91.jpg,Train,1,4,1,0,0,0,0,0,0,0,0,0
SRHvsDC_image_119.jpg,Train,1,4,0,1,0,0,0,0,0,0,0,0
RRvsCSK_image_176.jpg,Train,2,6,1,0,0,0,0,0,0,1,0,0
SRHvsDC_image_171.jpg,Train,1,6,0,1,0,0,0,0,0,0,0,0
PBKSvsCSK_image_59.jpg,Train,1,6,1,0,0,0,0,0,0,0,0,0
SRHvsPBKS_image_44.jpg,Train,2,8,0,0,0,0,0,0,1,0,0,1
KKRvsRR_image_105.jpg,Train,1,21,0,0,0,1,0,0,0,0,0,0
SRHvsDC_image_90.jpg,Train,2,9,0,1,0,0,0,0,0,0,0,1
LSGvsRCB_image_237.jpg,Train,1,5,0,0,0,0,0,0,0,0,1,0
KKRvsSRH_image_65.jpg,Train,1,9,0,0,0,0,0,0,0,0,0,1
GTvsSRH_image_94.jpg,Train,2,9,0,0,1,0,0,0,0,0,0,1
RRvsMI_image_30.jpg,Train,2,20,0,0,0,0,0,1,0,1,0,0
RRvsLSG_image_58.jpg,Train,2,5,0,0,0,0,0,0,0,2,0,0
RCBvsSRH_image_166.jpg,Train,1,17,0,0,0,0,0,0,0,0,0,1
SRHvsRR_image_53.jpg,Train,1,5,0,0,0,0,0,0,0,1,0,0
MIvsCSK_image_216.jpg,Train,0,0,0,0,0,0,0,0,0,0,0,0
GTvsPBKS_image_64.jpg,Train,1,3,0,0,1,0,0,0,0,0,0,0
GTvsMI_image_242.jpg,Train,1,4,0,0,0,0,0,1,0,0,0,0
SRHvsPBKS_image_12.jpg,Train,1,18,0,0,0,0,0,0,1,0,0,0
GTvsMI_image_236.jpg,Train,2,12,0,0,1,0,0,1,0,0,0,0
SRHvsDC_image_110.jpg,Train,2,22,0,1,0,0,0,0,0,0,0,1
RCBvsSRH_image_65.jpg,Train,1,4,0,0,0,0,0,0,0,0,0,1
PBKSvsMI_image_22.jpg,Train,1,8,0,0,0,0,0,0,1,0,0,0
GTvsPBKS_image_10.jpg,Train,1,1,0,0,0,0,0,0,1,0,0,0
SRHvsMI_image_77.jpg,Train,1,15,0,0,0,0,0,0,0,0,0,1
RRvsLSG_image_15.jpg,Train,1,3,0,0,0,0,0,0,0,1,0,0
KKRvsSRH_image_196.jpg,Train,1,10,0,0,0,0,0,0,0,0,0,1
RRvsCSK_image_192.jpg,Train,2,17,1,0,0,0,0,0,0,1,0,0
MIvsRCB_image_116.jpg,Train,1,4,0,0,0,0,0,0,0,0,1,0
PBKSvsMI_image_140.jpg,Train,3,13,0,0,0,0,0,2,1,0,0,0
KKRvsSRH_image_42.jpg,Train,1,12,0,0,0,1,0,0,0,0,0,0
RCBvsPBKS_image_166.jpg,Train,1,4,0,0,0,0,0,0,0,0,1,0
KKRvsCSK_image_136.jpg,Train,1,8,1,0,0,0,0,0,0,0,0,0
GTvsLSG_image_193.jpg,Train,2,28,0,0,1,0,1,0,0,0,0,0
KKRvsPBKS_image_18.jpg,Train,1,7,0,0,0,1,0,0,0,0,0,0
KKRvsRR_image_25.jpg,Train,1,4,0,0,0,0,0,0,0,1,0,0
SRHvsDC_image_103.jpg,Train,1,3,0,0,0,0,0,0,0,0,0,1
SRHvsPBKS_image_24.jpg,Train,1,4,0,0,0,0,0,0,0,0,0,1
PBKSvsDC_image_60.jpg,Train,1,3,0,1,0,0,0,0,0,0,0,0
GTvsPBKS_image_109.jpg,Train,1,4,0,0,1,0,0,0,0,0,0,0
MIvsDC_image_180.jpg,Train,1,5,0,1,0,0,0,0,0,0,0,0
SRHvsPBKS_image_51.jpg,Train,2,12,0,0,0,0,0,0,0,0,0,2
RCBvsPBKS_image_30.jpg,Train,2,11,0,0,0,0,0,0,1,0,1,0
GTvsPBKS_image_62.jpg,Train,1,4,0,0,1,0,0,0,0,0,0,0
GTvsRR_image_89.jpg,Train,2,11,0,0,1,0,0,0,0,1,0,0
KKRvsSRH_image_97.jpg,Train,1,11,0,0,0,1,0,0,0,0,0,0
SRHvsMI_image_0.jpg,Train,2,37,0,0,0,0,0,1,0,0,0,1
GTvsPBKS_image_72.jpg,Train,1,3,0,0,0,0,0,0,1,0,0,0
GTvsRR_image_165.jpg,Train,2,6,0,0,1,0,0,0,0,1,0,0
KKRvsCSK_image_9.jpg,Train,1,4,1,0,0,0,0,0,0,0,0,0
RRvsCSK_image_231.jpg,Train,2,9,1,0,0,0,0,0,0,1,0,0
PBKSvsMI_image_17.jpg,Train,2,12,0,0,0,0,0,1,1,0,0,0
MIvsRCB_image_126.jpg,Train,1,3,0,0,0,0,0,0,0,0,1,0
KKRvsSRH_image_49.jpg,Train,2,3,0,0,0,0,0,0,0,0,0,2
PBKSvsDC_image_73.jpg,Train,1,5,0,1,0,0,0,0,0,0,0,0
GTvsLSG_image_45.jpg,Train,1,6,0,0,0,0,1,0,0,0,0,0
LSGvsMI_image_108.jpg,Train,1,2,0,0,0,0,0,1,0,0,0,0
KKRvsLSG_image_122.jpg,Train,1,12,0,0,0,1,0,0,0,0,0,0
LSGvsSRH_image_69.jpg,Train,1,8,0,0,0,0,0,0,0,0,0,1
GTvsRR_image_38.jpg,Train,2,12,0,0,1,0,0,0,0,1,0,0
KKRvsPBKS_image_206.jpg,Train,1,8,0,0,0,1,0,0,0,0,0,0
RCBvsGT_image_1.jpg,Train,1,9,0,0,0,0,0,0,0,0,1,0
KKRvsRR_image_55.jpg,Train,2,10,0,0,0,2,0,0,0,0,0,0
RCBvsGT_image_49.jpg,Train,2,7,0,0,1,0,0,0,0,0,1,0
GTvsPBKS_image_60.jpg,Train,1,2,0,0,0,0,0,0,1,0,0,0
KKRvsGT_image_158.jpg,Train,1,3,0,0,0,1,0,0,0,0,0,0
PBKSvsCSK_image_201.jpg,Train,1,4,0,0,0,0,0,0,1,0,0,0
MIvsCSK_image_1.jpg,Train,1,5,1,0,0,0,0,0,0,0,0,0
KKRvsPBKS_image_219.jpg,Train,1,2,0,0,0,0,0,0,1,0,0,0
KKRvsLSG_image_121.jpg,Train,1,5,0,0,0,0,1,0,0,0,0,0
PBKSvsDC_image_18.jpg,Train,1,4,0,0,0,0,0,0,1,0,0,0
KKRvsSRH_image_279.jpg,Train,2,9,0,0,0,1,0,0,0,0,0,1
RRvsLSG_image_25.jpg,Train,3,8,0,0,0,0,1,1,0,1,0,0
PBKSvsCSK_image_153.jpg,Train,1,12,0,0,0,0,0,0,1,0,0,0
KKRvsSRH_image_83.jpg,Train,1,11,0,0,0,1,0,0,0,0,0,0
PBKSvsMI_image_8.jpg,Train,1,9,0,0,0,0,0,1,0,0,0,0
RCBvsDC_image_170.jpg,Train,1,10,0,1,0,0,0,0,0,0,0,0
RCBvsGT_image_29.jpg,Train,1,11,0,0,1,0,0,0,0,0,0,0
SRHvsRR_image_124.jpg,Train,1,9,0,0,0,0,0,0,0,0,0,1
GTvsLSG_image_316.jpg,Train,1,5,0,0,0,0,1,0,0,0,0,0
PBKSvsDC_image_59.jpg,Train,1,6,0,1,0,0,0,0,0,0,0,0
RCBvsGT_image_60.jpg,Train,1,6,0,0,0,0,0,0,0,0,1,0
KKRvsSRH_image_85.jpg,Train,2,21,0,0,0,1,0,0,0,0,0,1
SRHvsMI_image_226.jpg,Train,1,10,0,0,0,0,0,1,0,0,0,0
KKRvsLSG_image_110.jpg,Train,1,3,0,0,0,1,0,0,0,0,0,0
KKRvsCSK_image_139.jpg,Train,1,12,0,0,0,1,0,0,0,0,0,0
LSGvsMI_image_182.jpg,Train,1,7,0,0,0,0,1,0,0,0,0,0
KKRvsCSK_image_71.jpg,Train,2,18,1,0,0,1,0,0,0,0,0,0
KKRvsPBKS_image_118.jpg,Train,3,8,0,0,0,0,0,0,2,0,0,1
SRHvsPBKS_image_86.jpg,Train,1,6,0,0,0,0,0,0,1,0,0,0
MIvsRCB_image_115.jpg,Train,1,6,0,0,0,0,0,1,0,0,0,0
GTvsMI_image_256.jpg,Train,3,11,0,0,1,0,0,2,0,0,0,0
MIvsDC_image_192.jpg,Train,2,10,0,1,0,0,0,1,0,0,0,0
MIvsKKR_image_13.jpg,Train,2,10,0,0,0,1,0,1,0,0,0,0
KKRvsSRH_image_123.jpg,Train,3,33,0,0,0,1,0,0,0,0,0,2
SRHvsMI_image_220.jpg,Train,1,11,0,0,0,0,0,1,0,0,0,0
RRvsMI_image_66.jpg,Train,3,26,0,0,0,0,0,3,0,0,0,0
SRHvsPBKS_image_36.jpg,Train,1,8,0,0,0,0,0,0,0,0,0,1
KKRvsSRH_image_99.jpg,Train,3,12,0,0,0,1,0,0,0,0,0,2
MIvsKKR_image_2.jpg,Train,1,6,0,0,0,0,0,1,0,0,0,0
PBKSvsDC_image_5.jpg,Train,2,10,0,0,0,0,0,0,2,0,0,0
PBKSvsCSK_image_216.jpg,Train,1,6,0,0,0,0,0,0,1,0,0,0
RCBvsGT_image_87.jpg,Train,1,12,0,0,1,0,0,0,0,0,0,0
GTvsPBKS_image_3.jpg,Train,3,5,0,0,1,0,0,0,2,0,0,0
SRHvsMI_image_208.jpg,Train,2,14,0,0,0,0,0,1,0,0,1,0
KKRvsPBKS_image_40.jpg,Train,1,7,0,0,0,1,0,0,0,0,0,0
RCBvsDC_image_223.jpg,Train,1,18,0,1,0,0,0,0,0,0,0,0
SRHvsPBKS_image_77.jpg,Train,1,5,0,0,0,0,0,0,1,0,0,0
GTvsLSG_image_24.jpg,Train,1,13,0,0,1,0,0,0,0,0,0,0
SRHvsMI_image_218.jpg,Train,1,18,0,0,0,0,0,0,0,0,0,1
KKRvsLSG_image_38.jpg,Train,1,18,0,0,0,0,1,0,0,0,0,0
RRvsCSK_image_212.jpg,Train,1,6,1,0,0,0,0,0,0,0,0,0
KKRvsLSG_image_24.jpg,Train,0,0,0,0,0,0,0,0,0,0,0,0
KKRvsRCB_image_127.jpg,Train,2,16,0,0,0,0,0,0,0,0,2,0
KKRvsLSG_image_49.jpg,Train,1,4,0,0,0,1,0,0,0,0,0,0
SRHvsMI_image_250.jpg,Train,1,9,0,0,0,0,0,0,0,0,0,1
GTvsPBKS_image_18.jpg,Train,1,1,0,0,0,0,0,0,1,0,0,0
KKRvsPBKS_image_187.jpg,Train,1,3,0,0,0,1,0,0,0,0,0,0
PBKSvsMI_image_50.jpg,Train,1,3,0,0,0,0,0,0,1,0,0,0
KKRvsRCB_image_1.jpg,Train,1,4,0,0,0,0,0,0,0,0,1,0
PBKSvsDC_image_77.jpg,Train,3,8,0,2,0,0,0,0,1,0,0,0
RCBvsSRH_image_121.jpg,Train,1,10,0,0,0,0,0,0,0,0,1,0
SRHvsPBKS_image_101.jpg,Train,1,6,0,0,0,0,0,0,0,0,0,1
GTvsPBKS_image_59.jpg,Train,3,8,0,0,1,0,0,0,2,0,0,0
KKRvsSRH_image_209.jpg,Train,2,33,0,0,0,1,0,0,0,0,0,1
PBKSvsCSK_image_170.jpg,Train,1,29,1,0,0,0,0,0,0,0,0,0
MIvsRCB_image_123.jpg,Train,1,10,0,0,0,0,0,0,0,0,1,0
LSGvsCSK_image_46.jpg,Train,3,14,1,0,0,0,2,0,0,0,0,0
RRvsMI_image_82.jpg,Train,2,18,0,0,0,0,0,1,0,1,0,0
KKRvsSRH_image_4.jpg,Train,1,11,0,0,0,1,0,0,0,0,0,0
SRHvsRR_image_76.jpg,Train,1,6,0,0,0,0,0,0,0,0,0,1
SRHvsMI_image_233.jpg,Train,2,21,0,0,0,0,0,1,0,0,0,1
PBKSvsDC_image_63.jpg,Train,2,11,0,1,0,0,0,0,1,0,0,0
PBKSvsCSK_image_189.jpg,Train,1,6,0,0,0,0,0,0,1,0,0,0
SRHvsPBKS_image_102.jpg,Train,1,5,0,0,0,0,0,0,1,0,0,0
MIvsCSK_image_180.jpg,Train,5,10,2,0,0,0,0,3,0,0,0,0
SRHvsMI_image_201.jpg,Train,2,16,0,0,0,0,0,1,0,0,0,1
SRHvsDC_image_61.jpg,Train,1,27,0,0,0,0,0,0,0,0,0,1
GTvsSRH_image_108.jpg,Train,2,8,0,0,2,0,0,0,0,0,0,0
KKRvsGT_image_2.jpg,Train,2,11,0,0,2,0,0,0,0,0,0,0
KKRvsLSG_image_131.jpg,Train,2,7,0,0,0,0,2,0,0,0,0,0
PBKSvsCSK_image_137.jpg,Train,1,5,0,0,0,0,0,0,1,0,0,0
KKRvsSRH_image_22.jpg,Train,1,14,0,0,0,1,0,0,0,0,0,0
LSGvsRCB_image_225.jpg,Train,2,14,0,0,0,0,0,0,0,0,2,0
MIvsRCB_image_108.jpg,Train,1,4,0,0,0,0,0,0,0,0,1,0
PBKSvsCSK_image_208.jpg,Train,1,4,0,0,0,0,0,0,1,0,0,0
PBKSvsMI_image_101.jpg,Train,1,11,0,0,0,0,0,0,1,0,0,0
KKRvsCSK_image_36.jpg,Train,1,7,0,0,0,1,0,0,0,0,0,0
KKRvsLSG_image_95.jpg,Train,1,5,0,0,0,0,1,0,0,0,0,0
RCBvsRR_image_132.jpg,Train,4,14,0,0,0,0,0,0,0,1,2,1
RCBvsGT_image_54.jpg,Train,2,12,0,0,1,0,0,0,0,0,1,0
PBKSvsCSK_image_34.jpg,Train,1,6,0,0,0,0,0,0,1,0,0,0
RCBvsPBKS_image_155.jpg,Train,3,9,0,0,0,0,0,0,2,0,1,0
LSGvsSRH_image_270.jpg,Train,2,18,0,0,0,0,2,0,0,0,0,0
KKRvsLSG_image_75.jpg,Train,1,5,0,0,0,1,0,0,0,0,0,0
LSGvsMI_image_131.jpg,Train,1,7,0,0,0,0,0,1,0,0,0,0
RCBvsPBKS_image_48.jpg,Train,2,9,0,0,0,0,0,0,2,0,0,0
LSGvsMI_image_116.jpg,Train,1,6,0,0,0,0,1,0,0,0,0,0
SRHvsDC_image_111.jpg,Train,2,29,0,2,0,0,0,0,0,0,0,0
KKRvsGT_image_203.jpg,Train,1,2,0,0,0,1,0,0,0,0,0,0
SRHvsDC_image_184.jpg,Train,1,7,0,0,0,0,0,0,0,0,0,1
KKRvsRR_image_60.jpg,Train,2,20,0,0,0,1,0,0,0,1,0,0
PBKSvsMI_image_141.jpg,Train,1,8,0,0,0,0,0,1,0,0,0,0
KKRvsSRH_image_1.jpg,Train,1,11,0,0,0,0,0,0,0,0,0,1
SRHvsMI_image_139.jpg,Train,1,12,0,0,0,0,0,1,0,0,0,0
GTvsLSG_image_12.jpg,Train,1,7,0,0,0,0,1,0,0,0,0,0
LSGvsRCB_image_33.jpg,Train,2,9,0,0,0,0,0,0,0,0,2,0
LSGvsSRH_image_53.jpg,Train,1,6,0,0,0,0,0,0,0,0,0,1
KKRvsRR_image_175.jpg,Train,2,6,0,0,0,1,0,0,0,1,0,0
KKRvsSRH_image_47.jpg,Train,1,24,0,0,0,1,0,0,0,0,0,0
LSGvsRCB_image_232.jpg,Train,1,4,0,0,0,0,0,0,0,0,1,0
LSGvsCSK_image_35.jpg,Train,3,14,3,0,0,0,0,0,0,0,0,0
KKRvsLSG_image_22.jpg,Train,1,10,0,0,0,1,0,0,0,0,0,0
RCBvsSRH_image_85.jpg,Train,1,8,0,0,0,0,0,0,0,0,1,0
PBKSvsCSK_image_79.jpg,Train,1,7,1,0,0,0,0,0,0,0,0,0
GTvsLSG_image_391.jpg,Train,1,6,0,0,1,0,0,0,0,0,0,0
SRHvsMI_image_90.jpg,Train,1,12,0,0,0,0,0,1,0,0,0,0
SRHvsMI_image_115.jpg,Train,4,40,0,0,0,0,0,2,0,0,0,2
GTvsMI_image_262.jpg,Train,1,3,0,0,0,0,0,1,0,0,0,0
RRvsMI_image_140.jpg,Train,1,40,0,0,0,0,0,1,0,0,0,0
KKRvsSRH_image_50.jpg,Train,2,8,0,0,0,0,0,0,0,0,0,2
MIvsCSK_image_298.jpg,Train,1,7,1,0,0,0,0,0,0,0,0,0
KKRvsRCB_image_120.jpg,Train,2,6,0,0,0,0,0,0,0,0,2,0
KKRvsRR_image_304.jpg,Train,1,4,0,0,0,0,0,0,0,1,0,0
SRHvsDC_image_25.jpg,Train,1,7,0,0,0,0,0,0,0,0,0,1
SRHvsMI_image_308.jpg,Train,1,13,0,0,0,0,0,1,0,0,0,0
RRvsLSG_image_70.jpg,Train,1,6,0,0,0,0,1,0,0,0,0,0
SRHvsMI_image_186.jpg,Train,2,22,0,0,0,0,0,1,0,0,0,1
SRHvsDC_image_67.jpg,Train,1,6,0,0,0,0,0,0,0,0,0,1
SRHvsDC_image_84.jpg,Train,1,16,0,1,0,0,0,0,0,0,0,0
GTvsPBKS_image_68.jpg,Train,1,3,0,0,0,0,0,0,1,0,0,0
LSGvsRCB_image_83.jpg,Train,1,6,0,0,0,0,0,0,0,0,1,0
SRHvsMI_image_58.jpg,Train,3,11,0,0,0,0,0,1,0,0,0,2
SRHvsDC_image_44.jpg,Train,1,4,0,0,0,0,0,0,0,0,0,1
KKRvsRR_image_70.jpg,Train,2,10,0,0,0,1,0,0,0,1,0,0
PBKSvsMI_image_11.jpg,Train,1,6,0,0,0,0,0,1,0,0,0,0
GTvsSRH_image_69.jpg,Train,2,10,0,0,1,0,0,0,0,0,0,1
KKRvsSRH_image_168.jpg,Train,1,9,0,0,0,1,0,0,0,0,0,0
RRvsLSG_image_69.jpg,Train,1,8,0,0,0,0,1,0,0,0,0,0
RCBvsCSK_image_428.jpg,Train,5,25,2,0,0,0,0,0,0,0,3,0
SRHvsMI_image_183.jpg,Train,1,11,0,0,0,0,0,1,0,0,0,0
RCBvsSRH_image_18.jpg,Train,1,4,0,0,0,0,0,0,0,0,0,1
PBKSvsCSK_image_31.jpg,Train,3,10,0,0,0,0,0,0,1,0,2,0
RRvsMI_image_58.jpg,Train,1,5,0,0,0,0,0,0,0,1,0,0
RCBvsSRH_image_224.jpg,Train,3,8,0,0,0,0,0,0,1,0,2,0
KKRvsCSK_image_128.jpg,Train,1,5,0,0,0,1,0,0,0,0,0,0
PBKSvsMI_image_54.jpg,Train,2,18,0,0,0,0,0,1,1,0,0,0
SRHvsDC_image_45.jpg,Train,1,4,0,1,0,0,0,0,0,0,0,0
RCBvsRR_image_15.jpg,Train,3,17,0,0,0,0,0,0,0,0,3,0
SRHvsMI_image_247.jpg,Test,1,2,0,0,0,0,0,0,0,1,0,0
MIvsRCB_image_11.jpg,Test,3,6,0,0,1,0,0,0,0,0,2,0
SRHvsMI_image_259.jpg,Test,2,24,0,0,0,0,0,1,0,1,0,0
KKRvsRCB_image_14.jpg,Test,3,7,0,0,0,1,0,0,0,0,1,1
KKRvsSRH_image_148.jpg,Test,3,7,0,0,0,1,0,0,0,0,0,2
KKRvsLSG_image_94.jpg,Test,3,3,0,0,0,1,1,1,0,0,0,0
RCBvsSRH_image_123.jpg,Test,2,7,0,0,0,0,0,0,0,0,1,1
PBKSvsDC_image_98.jpg,Test,1,3,0,1,0,0,0,0,0,0,0,0
GTvsSRH_image_135.jpg,Test,1,23,0,0,0,0,0,0,0,0,0,1
SRHvsPBKS_image_82.jpg,Test,1,5,0,0,0,0,0,0,0,0,0,1
KKRvsCSK_image_298.jpg,Test,1,8,0,0,0,1,0,0,0,0,0,0
SRHvsRR_image_120.jpg,Test,2,7,0,0,0,0,0,0,0,2,0,0
RRvsMI_image_3.jpg,Test,2,9,0,0,0,0,0,1,0,1,0,0
KKRvsSRH_image_113.jpg,Test,2,6,0,0,0,2,0,0,0,0,0,0
RRvsMI_image_21.jpg,Test,2,7,0,0,0,0,0,1,0,1,0,0
PBKSvsCSK_image_23.jpg,Test,1,5,1,0,0,0,0,0,0,0,0,0
RCBvsSRH_image_36.jpg,Test,1,7,0,0,0,0,0,0,0,0,0,1
SRHvsPBKS_image_27.jpg,Test,1,5,0,0,0,0,0,0,0,0,0,1
LSGvsMI_image_30.jpg,Test,1,10,0,0,0,0,0,1,0,0,0,0
SRHvsMI_image_164.jpg,Test,1,4,0,0,0,0,0,0,0,0,0,1
RCBvsPBKS_image_132.jpg,Test,6,11,0,0,0,0,0,0,2,0,3,1
KKRvsLSG_image_91.jpg,Test,1,1,0,0,0,0,1,0,0,0,0,0
RCBvsPBKS_image_176.jpg,Test,5,11,0,0,0,0,0,0,3,0,2,0
SRHvsMI_image_194.jpg,Test,4,17,0,0,0,0,0,2,0,0,0,2
KKRvsSRH_image_34.jpg,Test,2,14,0,0,0,2,0,0,0,0,0,0
KKRvsPBKS_image_172.jpg,Test,7,22,0,0,0,0,0,0,3,0,2,2
KKRvsSRH_image_234.jpg,Test,1,8,0,0,0,1,0,0,0,0,0,0
RCBvsGT_image_76.jpg,Test,1,4,0,0,1,0,0,0,0,0,0,0
KKRvsPBKS_image_12.jpg,Test,2,7,0,0,0,2,0,0,0,0,0,0
GTvsLSG_image_41.jpg,Test,3,3,0,0,0,0,2,0,0,0,1,0
KKRvsPBKS_image_117.jpg,Test,1,9,0,0,0,1,0,0,0,0,0,0
KKRvsSRH_image_19.jpg,Test,1,7,0,0,0,0,0,0,0,0,0,1
GTvsRR_image_56.jpg,Test,2,7,0,0,1,0,0,0,0,1,0,0
SRHvsMI_image_202.jpg,Test,1,4,0,0,0,0,0,0,0,0,0,1
SRHvsMI_image_230.jpg,Test,1,18,0,0,0,0,0,1,0,0,0,0
RCBvsGT_image_139.jpg,Test,1,1,0,0,0,0,0,0,0,0,1,0
RCBvsGT_image_44.jpg,Test,1,1,0,0,0,0,0,0,0,0,0,1
RCBvsSRH_image_95.jpg,Test,2,7,0,1,0,0,0,0,0,0,1,0
SRHvsMI_image_30.jpg,Test,1,5,0,0,0,0,0,1,0,0,0,0
KKRvsPBKS_image_113.jpg,Test,3,5,0,0,0,1,0,0,2,0,0,0
LSGvsCSK_image_86.jpg,Test,2,8,0,1,0,0,1,0,0,0,0,0
KKRvsPBKS_image_31.jpg,Test,1,2,0,0,0,1,0,0,0,0,0,0
GTvsRR_image_39.jpg,Test,3,17,0,0,1,0,1,0,0,1,0,0
SRHvsPBKS_image_95.jpg,Test,3,7,0,0,0,0,0,0,1,0,0,2
GTvsSRH_image_5.jpg,Test,1,3,0,0,1,0,0,0,0,0,0,0
RCBvsRR_image_92.jpg,Test,1,6,0,0,0,0,0,0,0,1,0,0
PBKSvsDC_image_19.jpg,Test,1,3,0,1,0,0,0,0,0,0,0,0
SRHvsDC_image_107.jpg,Test,3,6,0,2,0,0,0,0,0,0,0,1
PBKSvsMI_image_125.jpg,Test,5,9,0,0,0,0,0,4,1,0,0,0
KKRvsRCB_image_64.jpg,Test,1,11,0,0,0,1,0,0,0,0,0,0
LSGvsCSK_image_108.jpg,Test,3,3,0,0,0,0,3,0,0,0,0,0
KKRvsRCB_image_77.jpg,Test,1,10,0,0,0,1,0,0,0,0,0,0
GTvsMI_image_205.jpg,Test,1,2,0,0,1,0,0,0,0,0,0,0
GTvsMI_image_216.jpg,Test,1,14,0,0,0,0,0,1,0,0,0,0
RCBvsPBKS_image_13.jpg,Test,3,6,0,0,0,0,0,0,0,0,1,2
GTvsMI_image_14.jpg,Test,2,4,0,0,0,0,0,2,0,0,0,0
SRHvsPBKS_image_54.jpg,Test,1,1,0,0,0,0,0,0,1,0,0,0
MIvsCSK_image_83.jpg,Test,2,19,2,0,0,0,0,0,0,0,0,0
PBKSvsMI_image_21.jpg,Test,2,7,0,0,0,0,0,2,0,0,0,0
RRvsCSK_image_99.jpg,Test,3,5,1,0,0,0,0,0,0,1,1,0
PBKSvsCSK_image_301.jpg,Test,1,2,0,0,0,0,0,0,1,0,0,0
LSGvsSRH_image_296.jpg,Test,1,5,0,0,0,0,0,0,0,0,0,1
GTvsMI_image_249.jpg,Test,2,11,0,0,0,0,0,2,0,0,0,0
SRHvsPBKS_image_138.jpg,Test,2,2,0,0,0,0,0,0,2,0,0,0
PBKSvsDC_image_92.jpg,Test,3,11,0,1,0,0,0,0,1,0,1,0
KKRvsRCB_image_106.jpg,Test,3,5,0,0,0,2,0,0,0,0,1,0
KKRvsPBKS_image_197.jpg,Test,2,2,0,0,0,0,0,0,1,0,1,0
RCBvsCSK_image_303.jpg,Test,2,12,1,0,0,0,0,0,0,0,1,0
MIvsKKR_image_53.jpg,Test,2,12,0,0,0,1,0,1,0,0,0,0
PBKSvsDC_image_96.jpg,Test,2,3,0,2,0,0,0,0,0,0,0,0
GTvsLSG_image_281.jpg,Test,1,2,0,0,1,0,0,0,0,0,0,0
RCBvsGT_image_37.jpg,Test,4,10,0,0,0,0,0,0,2,0,2,0
KKRvsPBKS_image_183.jpg,Test,1,6,0,0,0,1,0,0,0,0,0,0
KKRvsCSK_image_115.jpg,Test,1,2,0,0,0,1,0,0,0,0,0,0
GTvsMI_image_239.jpg,Test,3,14,0,0,0,0,0,3,0,0,0,0
KKRvsPBKS_image_95.jpg,Test,4,4,0,0,0,0,0,0,1,0,3,0
RCBvsRR_image_63.jpg,Test,1,21,0,0,0,0,0,0,0,0,1,0
RCBvsGT_image_122.jpg,Test,1,3,0,0,1,0,0,0,0,0,0,0
SRHvsMI_image_173.jpg,Test,2,11,0,0,0,0,0,1,0,0,0,1
GTvsSRH_image_231.jpg,Test,1,3,0,0,0,0,0,0,0,0,0,1
MIvsDC_image_197.jpg,Test,1,2,0,1,0,0,0,0,0,0,0,0
RCBvsPBKS_image_51.jpg,Test,0,0,0,0,0,0,0,0,0,0,0,0
LSGvsMI_image_25.jpg,Test,1,4,0,0,0,0,0,1,0,0,0,0
KKRvsSRH_image_224.jpg,Test,2,10,0,0,0,1,0,0,0,0,0,1
RCBvsCSK_image_50.jpg,Test,0,0,0,0,0,0,0,0,0,0,0,0
GTvsPBKS_image_104.jpg,Test,1,11,0,0,1,0,0,0,0,0,0,0
GTvsPBKS_image_82.jpg,Test,1,1,0,0,1,0,0,0,0,0,0,0
RRvsCSK_image_98.jpg,Test,1,4,0,0,0,0,0,0,0,1,0,0
RCBvsDC_image_24.jpg,Test,1,1,0,1,0,0,0,0,0,0,0,0
LSGvsMI_image_54.jpg,Test,1,1,0,0,0,0,0,1,0,0,0,0
GTvsRR_image_136.jpg,Test,4,12,0,0,0,2,0,0,0,1,0,1
GTvsLSG_image_271.jpg,Test,3,16,0,0,1,0,1,0,0,0,1,0
MIvsCSK_image_252.jpg,Test,2,2,0,0,0,0,0,0,0,0,1,1
SRHvsPBKS_image_140.jpg,Test,2,2,0,0,1,0,0,0,1,0,0,0
RCBvsDC_image_29.jpg,Test,2,6,0,1,0,0,0,0,1,0,0,0
KKRvsSRH_image_187.jpg,Test,1,5,0,0,0,0,0,0,0,0,0,1
KKRvsCSK_image_38.jpg,Test,3,8,2,0,0,0,0,1,0,0,0,0
PBKSvsDC_image_94.jpg,Test,1,1,0,0,0,0,0,0,1,0,0,0
PBKSvsCSK_image_27.jpg,Test,2,6,1,0,0,0,0,0,1,0,0,0
MIvsKKR_image_17.jpg,Test,1,4,0,0,0,0,0,1,0,0,0,0
SRHvsPBKS_image_85.jpg,Test,5,21,0,0,1,0,0,0,1,0,1,2
MIvsRCB_image_150.jpg,Test,3,7,0,0,0,0,1,1,0,0,1,0
KKRvsRCB_image_129.jpg,Test,1,24,0,0,0,1,0,0,0,0,0,0
SRHvsDC_image_127.jpg,Test,1,5,0,1,0,0,0,0,0,0,0,0
GTvsRR_image_111.jpg,Test,2,13,0,0,0,1,0,0,0,1,0,0
MIvsCSK_image_39.jpg,Test,0,0,0,0,0,0,0,0,0,0,0,0
KKRvsCSK_image_6.jpg,Test,2,20,2,0,0,0,0,0,0,0,0,0
RCBvsRR_image_33.jpg,Test,2,13,0,0,0,0,0,0,0,0,2,0
RRvsCSK_image_209.jpg,Test,2,26,0,0,0,0,0,1,0,1,0,0
RCBvsSRH_image_50.jpg,Test,4,5,0,0,0,0,0,0,0,0,3,1
PBKSvsDC_image_28.jpg,Test,1,3,0,0,0,0,0,0,1,0,0,0
GTvsRR_image_204.jpg,Test,3,8,0,0,2,0,0,0,0,1,0,0
KKRvsLSG_image_97.jpg,Test,0,0,0,0,0,0,0,0,0,0,0,0
PBKSvsDC_image_23.jpg,Test,3,4,0,2,0,0,1,0,0,0,0,0
PBKSvsCSK_image_46.jpg,Test,3,14,0,0,0,0,0,0,1,0,2,0
KKRvsRCB_image_118.jpg,Test,2,3,0,0,0,0,0,0,1,0,1,0
LSGvsSRH_image_269.jpg,Test,1,4,0,0,0,0,0,0,0,0,0,1
RCBvsRR_image_117.jpg,Test,3,8,0,0,0,0,0,0,0,3,0,0
KKRvsSRH_image_137.jpg,Test,1,6,0,0,0,1,0,0,0,0,0,0
RRvsCSK_image_81.jpg,Test,3,12,2,0,0,0,0,0,0,1,0,0
LSGvsSRH_image_68.jpg,Test,1,6,0,0,0,0,0,0,0,0,0,1
RCBvsCSK_image_238.jpg,Test,2,12,0,0,0,0,0,0,0,0,2,0
KKRvsCSK_image_236.jpg,Test,1,6,1,0,0,0,0,0,0,0,0,0
RCBvsGT_image_144.jpg,Test,5,15,0,0,0,0,0,0,2,0,2,1
RRvsMI_image_1.jpg,Test,1,5,0,0,0,0,0,0,0,1,0,0
RCBvsGT_image_90.jpg,Test,1,1,0,0,1,0,0,0,0,0,0,0
SRHvsPBKS_image_92.jpg,Test,2,20,0,0,0,0,0,0,0,0,0,2
PBKSvsDC_image_47.jpg,Test,1,1,0,0,1,0,0,0,0,0,0,0
RCBvsPBKS_image_70.jpg,Test,3,8,0,0,0,0,0,0,1,0,1,1
PBKSvsMI_image_122.jpg,Test,1,1,0,0,0,0,0,0,0,0,0,1
GTvsMI_image_228.jpg,Test,1,5,0,0,0,0,0,1,0,0,0,0
KKRvsPBKS_image_85.jpg,Test,1,2,0,0,0,0,0,0,1,0,0,0
PBKSvsCSK_image_156.jpg,Test,2,16,2,0,0,0,0,0,0,0,0,0
PBKSvsMI_image_53.jpg,Test,2,6,0,0,0,0,0,1,1,0,0,0
RRvsMI_image_132.jpg,Test,2,12,0,0,0,0,0,1,0,1,0,0
SRHvsPBKS_image_42.jpg,Test,1,7,0,0,0,0,0,0,0,0,0,1
KKRvsCSK_image_32.jpg,Test,1,5,1,0,0,0,0,0,0,0,0,0
RRvsCSK_image_66.jpg,Test,1,2,0,0,0,0,0,0,0,1,0,0
RRvsCSK_image_133.jpg,Test,2,3,2,0,0,0,0,0,0,0,0,0
SRHvsDC_image_49.jpg,Test,3,6,0,1,0,0,0,0,2,0,0,0
PBKSvsMI_image_80.jpg,Test,2,3,0,0,0,0,0,0,1,0,1,0
KKRvsPBKS_image_119.jpg,Test,1,1,0,0,0,0,0,0,1,0,0,0
RCBvsSRH_image_124.jpg,Test,1,11,0,0,0,0,0,0,0,0,0,1
KKRvsLSG_image_35.jpg,Test,1,5,0,0,0,0,1,0,0,0,0,0
GTvsSRH_image_22.jpg,Test,2,11,0,0,0,0,0,0,0,0,0,2
KKRvsPBKS_image_121.jpg,Test,2,6,0,0,0,1,0,0,1,0,0,0
KKRvsSRH_image_144.jpg,Test,1,6,0,0,0,1,0,0,0,0,0,0
RCBvsCSK_image_116.jpg,Test,1,4,1,0,0,0,0,0,0,0,0,0
KKRvsCSK_image_21.jpg,Test,1,5,1,0,0,0,0,0,0,0,0,0
LSGvsRCB_image_197.jpg,Test,6,8,1,0,0,0,0,0,1,0,4,0
PBKSvsCSK_image_121.jpg,Test,3,9,1,0,0,0,0,0,1,0,1,0
GTvsRR_image_31.jpg,Test,2,3,0,0,1,0,0,0,0,1,0,0
KKRvsLSG_image_45.jpg,Test,5,6,0,1,1,0,2,0,1,0,0,0
KKRvsCSK_image_43.jpg,Test,1,4,1,0,0,0,0,0,0,0,0,0
MIvsRCB_image_18.jpg,Test,1,1,0,0,0,0,0,0,0,0,1,0
RRvsCSK_image_160.jpg,Test,2,3,0,0,0,0,0,0,0,2,0,0
PBKSvsDC_image_90.jpg,Test,2,2,0,0,1,0,0,0,1,0,0,0
LSGvsRCB_image_185.jpg,Test,3,4,0,0,0,0,0,0,1,0,1,1
MIvsKKR_image_107.jpg,Test,3,11,0,0,0,0,0,3,0,0,0,0
RCBvsRR_image_90.jpg,Test,1,5,0,0,0,0,0,0,0,1,0,0
PBKSvsMI_image_7.jpg,Test,2,2,0,0,0,0,1,1,0,0,0,0
KKRvsLSG_image_107.jpg,Test,4,11,0,0,0,0,2,2,0,0,0,0
PBKSvsDC_image_91.jpg,Test,2,3,0,1,0,0,0,0,0,0,1,0
MIvsKKR_image_102.jpg,Test,4,10,0,0,0,1,0,2,0,1,0,0
RRvsLSG_image_38.jpg,Test,4,12,0,0,1,0,3,0,0,0,0,0
PBKSvsCSK_image_228.jpg,Test,1,10,1,0,0,0,0,0,0,0,0,0
RCBvsCSK_image_310.jpg,Test,1,5,1,0,0,0,0,0,0,0,0,0
KKRvsPBKS_image_44.jpg,Test,0,0,0,0,0,0,0,0,0,0,0,0
PBKSvsCSK_image_42.jpg,Test,2,3,1,0,0,0,0,0,1,0,0,0
MIvsKKR_image_104.jpg,Test,1,3,0,0,0,1,0,0,0,0,0,0
PBKSvsCSK_image_272.jpg,Test,3,7,1,0,0,0,0,0,1,0,0,1
KKRvsLSG_image_138.jpg,Test,1,5,0,0,0,1,0,0,0,0,0,0
SRHvsMI_image_137.jpg,Test,1,2,0,0,0,0,0,0,0,0,0,1
PBKSvsMI_image_44.jpg,Test,1,1,0,0,0,0,0,1,0,0,0,0
GTvsRR_image_152.jpg,Test,1,1,0,0,0,0,0,0,0,0,1,0
PBKSvsCSK_image_255.jpg,Test,4,7,2,0,1,0,0,0,1,0,0,0
RRvsLSG_image_78.jpg,Test,2,6,0,0,0,0,1,0,0,1,0,0
SRHvsMI_image_257.jpg,Test,2,6,0,0,0,0,0,1,0,0,0,1
KKRvsPBKS_image_116.jpg,Test,2,7,0,0,0,1,0,0,1,0,0,0
PBKSvsCSK_image_237.jpg,Test,2,2,0,0,1,0,0,0,0,0,0,1
LSGvsMI_image_147.jpg,Test,1,5,0,0,0,0,0,1,0,0,0,0
KKRvsSRH_image_216.jpg,Test,0,0,0,0,0,0,0,0,0,0,0,0
KKRvsPBKS_image_234.jpg,Test,4,11,0,0,0,0,0,0,2,0,2,0
KKRvsLSG_image_32.jpg,Test,4,6,0,0,0,2,2,0,0,0,0,0
RCBvsCSK_image_23.jpg,Test,4,14,0,0,0,0,0,0,1,0,3,0
RCBvsRR_image_76.jpg,Test,1,3,0,0,0,0,0,0,0,0,1,0
MIvsRCB_image_127.jpg,Test,1,4,0,0,0,0,0,1,0,0,0,0
KKRvsPBKS_image_77.jpg,Test,1,3,0,0,0,0,0,0,1,0,0,0
SRHvsMI_image_38.jpg,Test,1,9,0,0,0,0,0,1,0,0,0,0
SRHvsPBKS_image_3.jpg,Test,1,5,0,0,0,0,0,0,0,0,0,1
RCBvsPBKS_image_33.jpg,Test,4,9,0,0,0,0,0,0,2,0,2,0
SRHvsMI_image_18.jpg,Test,2,8,0,0,0,0,0,2,0,0,0,0
KKRvsLSG_image_125.jpg,Test,3,19,0,0,1,0,1,1,0,0,0,0
PBKSvsCSK_image_83.jpg,Test,2,13,2,0,0,0,0,0,0,0,0,0
RCBvsGT_image_105.jpg,Test,1,1,0,0,1,0,0,0,0,0,0,0
PBKSvsCSK_image_148.jpg,Test,1,7,1,0,0,0,0,0,0,0,0,0
RRvsLSG_image_33.jpg,Test,2,6,0,0,1,0,1,0,0,0,0,0
MIvsDC_image_120.jpg,Test,1,4,0,1,0,0,0,0,0,0,0,0
SRHvsMI_image_144.jpg,Test,3,21,0,0,0,0,0,0,0,0,0,3
KKRvsRR_image_264.jpg,Test,1,4,0,0,0,1,0,0,0,0,0,0
PBKSvsCSK_image_302.jpg,Test,5,13,0,0,0,0,0,0,2,2,1,0
RRvsCSK_image_149.jpg,Test,1,5,1,0,0,0,0,0,0,0,0,0
RCBvsSRH_image_225.jpg,Test,1,3,0,0,0,0,0,0,0,0,1,0
RCBvsRR_image_72.jpg,Test,3,4,0,0,0,0,0,0,1,0,2,0
SRHvsDC_image_26.jpg,Test,1,34,0,0,0,0,0,0,0,0,0,1
SRHvsRR_image_26.jpg,Test,2,4,0,0,0,0,0,0,0,1,0,1
PBKSvsDC_image_40.jpg,Test,3,4,0,2,0,0,0,0,0,1,0,0
KKRvsGT_image_172.jpg,Test,1,5,0,0,1,0,0,0,0,0,0,0
MIvsDC_image_342.jpg,Test,0,0,0,0,0,0,0,0,0,0,0,0
SRHvsMI_image_148.jpg,Test,2,6,0,0,0,0,0,1,0,1,0,0
PBKSvsMI_image_109.jpg,Test,5,17,0,0,0,0,0,2,3,0,0,0
KKRvsGT_image_35.jpg,Test,3,9,0,0,1,2,0,0,0,0,0,0
PBKSvsDC_image_64.jpg,Test,1,1,0,0,0,0,0,0,1,0,0,0
RRvsMI_image_4.jpg,Test,2,4,0,0,0,0,0,0,0,1,0,1
SRHvsPBKS_image_78.jpg,Test,1,2,0,0,0,0,0,0,1,0,0,0
SRHvsDC_image_50.jpg,Test,1,4,0,0,0,0,0,0,0,0,0,1
SRHvsPBKS_image_68.jpg,Test,5,18,0,0,0,0,0,0,2,0,2,1
KKRvsSRH_image_153.jpg,Test,3,6,0,0,0,1,0,0,0,0,0,2
RCBvsGT_image_30.jpg,Test,1,3,0,0,1,0,0,0,0,0,0,0
SRHvsMI_image_85.jpg,Test,1,12,0,0,0,0,0,0,0,0,0,1
RCBvsDC_image_33.jpg,Test,2,4,0,0,0,0,0,0,0,0,2,0
PBKSvsCSK_image_268.jpg,Test,1,1,0,0,0,0,0,0,0,0,1,0
RCBvsGT_image_40.jpg,Test,2,2,0,0,0,0,0,0,1,0,1,0
MIvsKKR_image_26.jpg,Test,1,16,0,0,0,1,0,0,0,0,0,0
GTvsPBKS_image_91.jpg,Test,3,6,0,0,0,0,0,0,2,0,0,1
GTvsLSG_image_32.jpg,Test,1,4,0,0,0,0,1,0,0,0,0,0
KKRvsPBKS_image_194.jpg,Test,2,4,0,0,0,1,0,1,0,0,0,0
MIvsRCB_image_156.jpg,Test,2,3,0,1,0,0,0,0,0,0,1,0
KKRvsRCB_image_86.jpg,Test,2,7,0,0,0,0,0,0,0,0,1,1
MIvsDC_image_236.jpg,Test,3,10,0,0,0,0,0,3,0,0,0,0
KKRvsPBKS_image_70.jpg,Test,1,20,0,0,0,1,0,0,0,0,0,0
MIvsDC_image_347.jpg,Test,5,6,0,2,0,0,1,1,0,0,1,0
KKRvsRCB_image_28.jpg,Test,1,3,0,0,0,1,0,0,0,0,0,0
SRHvsMI_image_88.jpg,Test,3,6,0,0,0,0,0,3,0,0,0,0
KKRvsGT_image_157.jpg,Test,1,2,0,0,0,0,1,0,0,0,0,0
PBKSvsDC_image_66.jpg,Test,2,2,0,0,1,0,0,0,1,0,0,0
SRHvsPBKS_image_0.jpg,Test,2,2,0,0,0,0,0,0,1,0,1,0
RCBvsRR_image_48.jpg,Test,4,11,0,0,0,0,0,0,0,2,2,0
KKRvsLSG_image_102.jpg,Test,2,4,0,0,0,0,2,0,0,0,0,0
RRvsLSG_image_106.jpg,Test,1,8,0,0,0,0,0,0,0,1,0,0
KKRvsSRH_image_149.jpg,Test,1,20,0,0,0,0,0,0,0,0,0,1
MIvsKKR_image_105.jpg,Test,1,5,0,0,0,0,0,1,0,0,0,0
KKRvsPBKS_image_0.jpg,Test,2,5,0,0,0,1,0,0,1,0,0,0
KKRvsRR_image_110.jpg,Test,2,21,0,0,0,2,0,0,0,0,0,0
LSGvsSRH_image_307.jpg,Test,6,16,0,1,0,0,2,2,0,0,0,1
KKRvsPBKS_image_203.jpg,Test,1,2,0,0,0,0,0,0,1,0,0,0
MIvsRCB_image_149.jpg,Test,1,2,0,0,0,0,0,0,0,0,1,0
KKRvsPBKS_image_39.jpg,Test,1,7,0,0,0,1,0,0,0,0,0,0
KKRvsRR_image_8.jpg,Test,3,7,0,0,0,2,0,0,0,1,0,0
PBKSvsCSK_image_103.jpg,Test,1,3,1,0,0,0,0,0,0,0,0,0
LSGvsMI_image_190.jpg,Test,1,3,0,0,0,0,1,0,0,0,0,0
KKRvsRR_image_61.jpg,Test,2,33,0,0,0,2,0,0,0,0,0,0
PBKSvsMI_image_15.jpg,Test,3,8,0,1,0,0,0,2,0,0,0,0
PBKSvsCSK_image_9.jpg,Test,2,8,1,0,0,0,0,0,1,0,0,0
KKRvsSRH_image_184.jpg,Test,3,5,0,0,0,0,0,0,1,0,0,2
PBKSvsDC_image_12.jpg,Test,3,4,0,1,0,0,0,0,1,0,0,1
KKRvsPBKS_image_134.jpg,Test,2,2,0,0,0,1,0,0,0,0,0,1
GTvsMI_image_200.jpg,Test,1,10,0,0,0,0,0,1,0,0,0,0
MIvsDC_image_151.jpg,Test,5,11,0,3,0,0,0,2,0,0,0,0
KKRvsCSK_image_155.jpg,Test,1,6,1,0,0,0,0,0,0,0,0,0
SRHvsMI_image_234.jpg,Test,2,5,0,0,0,0,0,1,0,0,0,1
LSGvsRCB_image_36.jpg,Test,1,3,0,0,0,0,1,0,0,0,0,0
RCBvsGT_image_27.jpg,Test,2,2,0,0,0,0,0,0,1,0,1,0
SRHvsMI_image_181.jpg,Test,6,14,0,0,0,0,1,3,0,0,0,2
SRHvsMI_image_168.jpg,Test,3,9,0,0,0,0,0,1,0,0,0,2
MIvsCSK_image_269.jpg,Test,2,13,2,0,0,0,0,0,0,0,0,0
MIvsKKR_image_54.jpg,Test,1,5,0,0,0,0,0,1,0,0,0,0
PBKSvsCSK_image_290.jpg,Test,2,5,2,0,0,0,0,0,0,0,0,0
SRHvsMI_image_13.jpg,Test,3,9,0,0,0,0,0,2,0,0,0,1
KKRvsSRH_image_45.jpg,Test,2,9,0,0,0,1,0,0,0,0,0,1
KKRvsGT_image_7.jpg,Test,1,11,0,0,1,0,0,0,0,0,0,0
MIvsKKR_image_44.jpg,Test,1,1,0,0,0,0,0,0,0,1,0,0
RRvsMI_image_88.jpg,Test,2,4,0,0,0,0,0,0,0,1,1,0
GTvsLSG_image_194.jpg,Test,2,6,0,0,1,0,1,0,0,0,0,0
SRHvsMI_image_177.jpg,Test,2,8,0,0,0,0,0,2,0,0,0,0
RRvsCSK_image_207.jpg,Test,4,6,1,0,0,0,0,0,0,2,1,0
SRHvsMI_image_131.jpg,Test,2,4,0,0,0,0,0,1,0,0,0,1
RRvsLSG_image_18.jpg,Test,3,6,0,0,0,0,3,0,0,0,0,0
KKRvsSRH_image_25.jpg,Test,4,7,0,0,0,3,0,0,0,1,0,0
KKRvsSRH_image_248.jpg,Test,2,6,0,0,0,0,0,0,0,0,0,2
RCBvsCSK_image_66.jpg,Test,4,9,2,0,0,0,0,0,1,0,1,0
GTvsMI_image_116.jpg,Test,3,7,0,0,1,0,0,2,0,0,0,0
KKRvsCSK_image_276.jpg,Test,2,4,1,0,0,1,0,0,0,0,0,0
KKRvsCSK_image_19.jpg,Test,3,20,0,0,0,1,0,1,0,1,0,0
KKRvsSRH_image_128.jpg,Test,2,9,0,0,0,1,0,0,0,0,0,1
RCBvsDC_image_196.jpg,Test,3,5,0,2,0,0,0,1,0,0,0,0
RCBvsRR_image_336.jpg,Test,1,6,0,0,0,0,0,0,0,1,0,0
MIvsCSK_image_144.jpg,Test,0,0,0,0,0,0,0,0,0,0,0,0
RCBvsSRH_image_75.jpg,Test,3,4,0,0,0,0,0,0,0,1,1,1
PBKSvsMI_image_93.jpg,Test,3,8,0,0,0,0,0,0,1,0,2,0
KKRvsCSK_image_121.jpg,Test,2,4,0,0,1,1,0,0,0,0,0,0
KKRvsSRH_image_167.jpg,Test,1,8,0,0,0,0,0,0,0,0,0,1
KKRvsCSK_image_262.jpg,Test,1,7,0,0,0,1,0,0,0,0,0,0
LSGvsRCB_image_228.jpg,Test,2,8,0,0,0,0,2,0,0,0,0,0
RRvsLSG_image_39.jpg,Test,1,5,0,0,0,0,0,0,0,1,0,0
LSGvsSRH_image_336.jpg,Test,1,4,0,0,0,0,1,0,0,0,0,0
RCBvsDC_image_26.jpg,Test,3,5,0,1,0,0,0,0,1,0,1,0
MIvsDC_image_233.jpg,Test,2,5,0,1,0,0,0,1,0,0,0,0
MIvsRCB_image_140.jpg,Test,2,9,0,0,0,0,0,1,0,0,1,0
KKRvsCSK_image_110.jpg,Test,2,8,0,0,0,2,0,0,0,0,0,0
KKRvsSRH_image_120.jpg,Test,1,4,0,0,0,0,0,0,0,0,0,1
SRHvsMI_image_239.jpg,Test,1,19,0,0,0,0,0,1,0,0,0,0
KKRvsSRH_image_54.jpg,Test,1,7,0,0,0,0,0,0,0,0,0,1
LSGvsSRH_image_54.jpg,Test,2,5,0,0,0,0,1,1,0,0,0,0
RCBvsDC_image_107.jpg,Test,1,1,0,1,0,0,0,0,0,0,0,0
SRHvsMI_image_200.jpg,Test,1,6,0,0,0,0,0,0,0,0,0,1
LSGvsSRH_image_9.jpg,Test,2,9,0,0,0,0,1,0,0,0,0,1
KKRvsLSG_image_60.jpg,Test,1,7,0,0,0,1,0,0,0,0,0,0
SRHvsRR_image_140.jpg,Test,2,7,0,0,0,0,0,1,0,1,0,0
SRHvsMI_image_192.jpg,Test,5,6,0,0,1,0,1,3,0,0,0,0
MIvsKKR_image_114.jpg,Test,1,8,0,0,0,0,0,1,0,0,0,0
RCBvsDC_image_31.jpg,Test,1,1,0,0,0,0,1,0,0,0,0,0
KKRvsPBKS_image_92.jpg,Test,2,13,0,0,0,2,0,0,0,0,0,0
RCBvsCSK_image_113.jpg,Test,1,4,1,0,0,0,0,0,0,0,0,0
LSGvsMI_image_171.jpg,Test,3,6,0,0,0,0,1,1,0,0,1,0
LSGvsRCB_image_217.jpg,Test,6,17,0,0,2,0,0,0,1,1,2,0
KKRvsLSG_image_80.jpg,Test,3,9,0,0,0,1,2,0,0,0,0,0
RCBvsSRH_image_147.jpg,Test,1,3,0,0,0,0,0,0,0,0,0,1
SRHvsDC_image_149.jpg,Test,1,5,0,0,0,0,0,0,0,0,0,1
RCBvsGT_image_16.jpg,Test,2,5,0,0,1,0,0,0,0,0,1,0
LSGvsCSK_image_134.jpg,Test,1,10,1,0,0,0,0,0,0,0,0,0
GTvsLSG_image_197.jpg,Test,6,12,0,1,3,0,2,0,0,0,0,0
RRvsCSK_image_73.jpg,Test,1,3,0,0,0,0,0,0,0,1,0,0
KKRvsSRH_image_158.jpg,Test,1,11,0,0,0,1,0,0,0,0,0,0
GTvsPBKS_image_25.jpg,Test,2,4,1,0,1,0,0,0,0,0,0,0
MIvsRCB_image_105.jpg,Test,3,5,0,0,0,0,0,1,1,0,1,0
RCBvsDC_image_20.jpg,Test,2,4,0,1,0,0,0,0,0,0,1,0
MIvsKKR_image_42.jpg,Test,1,11,0,0,0,0,0,1,0,0,0,0
RRvsLSG_image_10.jpg,Test,2,5,0,0,0,0,1,0,0,1,0,0
KKRvsCSK_image_104.jpg,Test,2,14,1,0,0,1,0,0,0,0,0,0
RCBvsGT_image_91.jpg,Test,3,6,0,0,0,0,0,0,1,0,2,0
PBKSvsCSK_image_266.jpg,Test,2,3,0,0,0,0,0,1,0,1,0,0
MIvsRCB_image_107.jpg,Test,1,7,0,0,0,0,0,1,0,0,0,0
RRvsLSG_image_100.jpg,Test,2,3,0,0,0,0,1,1,0,0,0,0
RCBvsDC_image_17.jpg,Test,1,2,0,1,0,0,0,0,0,0,0,0
KKRvsSRH_image_261.jpg,Test,1,2,0,0,0,1,0,0,0,0,0,0
GTvsSRH_image_162.jpg,Test,1,3,0,0,0,0,0,0,0,0,0,1
SRHvsPBKS_image_50.jpg,Test,2,8,0,0,0,0,0,0,2,0,0,0
GTvsMI_image_259.jpg,Test,1,9,0,0,0,0,0,1,0,0,0,0
KKRvsPBKS_image_198.jpg,Test,3,7,0,0,0,0,0,0,2,0,1,0
MIvsKKR_image_50.jpg,Test,2,12,0,0,0,1,0,1,0,0,0,0
LSGvsRCB_image_57.jpg,Test,4,10,0,0,0,0,2,1,0,0,1,0
RRvsMI_image_48.jpg,Test,1,8,0,0,0,0,0,0,0,1,0,0
KKRvsLSG_image_1.jpg,Test,3,9,0,0,0,1,2,0,0,0,0,0
KKRvsRCB_image_89.jpg,Test,4,4,0,0,0,1,0,0,1,0,1,1
RRvsMI_image_38.jpg,Test,3,7,0,0,0,0,0,1,0,2,0,0
KKRvsGT_image_210.jpg,Test,3,10,0,0,2,1,0,0,0,0,0,0
GTvsRR_image_100.jpg,Test,1,7,0,0,1,0,0,0,0,0,0,0
GTvsMI_image_227.jpg,Test,1,5,0,0,0,0,0,1,0,0,0,0
GTvsMI_image_273.jpg,Test,2,14,0,0,0,0,0,2,0,0,0,0
KKRvsPBKS_image_230.jpg,Test,1,4,0,0,0,0,0,0,1,0,0,0
GTvsMI_image_265.jpg,Test,3,10,0,0,2,0,0,1,0,0,0,0
GTvsPBKS_image_75.jpg,Test,0,0,0,0,0,0,0,0,0,0,0,0
KKRvsRR_image_33.jpg,Test,1,4,0,0,0,1,0,0,0,0,0,0
GTvsPBKS_image_76.jpg,Test,1,1,0,0,0,0,0,0,1,0,0,0
SRHvsMI_image_23.jpg,Test,2,4,0,0,0,0,0,2,0,0,0,0
SRHvsRR_image_31.jpg,Test,2,3,0,0,0,0,0,0,0,2,0,0
KKRvsPBKS_image_100.jpg,Test,1,3,0,0,0,0,0,0,1,0,0,0
SRHvsPBKS_image_5.jpg,Test,2,10,0,0,0,0,0,0,0,0,0,2
KKRvsSRH_image_70.jpg,Test,3,15,0,0,0,2,0,0,0,0,0,1
LSGvsSRH_image_224.jpg,Test,3,10,0,0,0,0,1,0,0,0,0,2
RRvsLSG_image_29.jpg,Test,2,10,0,0,0,0,1,0,0,1,0,0
KKRvsCSK_image_120.jpg,Test,1,20,1,0,0,0,0,0,0,0,0,0
KKRvsSRH_image_132.jpg,Test,2,10,0,0,0,1,0,0,0,0,0,1
RCBvsDC_image_208.jpg,Test,5,7,0,1,0,0,1,1,1,0,1,0
GTvsMI_image_121.jpg,Test,1,5,0,0,0,0,0,1,0,0,0,0
KKRvsLSG_image_26.jpg,Test,1,5,0,0,0,0,1,0,0,0,0,0
KKRvsSRH_image_177.jpg,Test,2,4,0,0,0,1,0,0,0,0,0,1
GTvsMI_image_232.jpg,Test,2,8,0,0,1,0,0,1,0,0,0,0
SRHvsMI_image_146.jpg,Test,1,19,0,0,0,0,0,1,0,0,0,0
RCBvsCSK_image_19.jpg,Test,1,4,1,0,0,0,0,0,0,0,0,0
KKRvsCSK_image_13.jpg,Test,1,5,1,0,0,0,0,0,0,0,0,0
KKRvsSRH_image_73.jpg,Test,2,4,0,0,0,0,1,0,0,0,0,1
SRHvsMI_image_242.jpg,Test,2,11,0,0,0,0,0,1,0,0,0,1
GTvsLSG_image_191.jpg,Test,1,3,0,0,0,0,1,0,0,0,0,0
KKRvsRR_image_19.jpg,Test,2,3,0,0,0,1,0,1,0,0,0,0
GTvsMI_image_235.jpg,Test,1,5,0,0,1,0,0,0,0,0,0,0
KKRvsCSK_image_103.jpg,Test,1,4,1,0,0,0,0,0,0,0,0,0
PBKSvsCSK_image_48.jpg,Test,2,2,0,0,0,0,0,0,1,0,1,0
KKRvsLSG_image_88.jpg,Test,4,10,0,0,1,0,2,0,0,0,0,1
RCBvsGT_image_102.jpg,Test,2,4,0,0,0,0,0,0,0,0,1,1
GTvsPBKS_image_102.jpg,Test,1,3,0,0,1,0,0,0,0,0,0,0
GTvsSRH_image_81.jpg,Test,1,5,0,0,1,0,0,0,0,0,0,0
PBKSvsMI_image_143.jpg,Test,4,15,0,1,0,0,0,3,0,0,0,0
RCBvsDC_image_51.jpg,Test,2,3,0,1,0,0,0,0,0,0,1,0
GTvsSRH_image_17.jpg,Test,3,11,0,0,2,0,0,1,0,0,0,0
LSGvsMI_image_106.jpg,Test,1,4,0,0,0,0,0,1,0,0,0,0
KKRvsRR_image_216.jpg,Test,2,9,0,0,0,1,0,0,0,1,0,0
KKRvsSRH_image_52.jpg,Test,2,13,0,0,0,1,0,0,0,0,0,1
PBKSvsCSK_image_167.jpg,Test,1,7,1,0,0,0,0,0,0,0,0,0
SRHvsMI_image_256.jpg,Test,2,4,0,0,0,0,0,2,0,0,0,0
KKRvsCSK_image_108.jpg,Test,4,7,2,0,0,2,0,0,0,0,0,0
KKRvsPBKS_image_136.jpg,Test,2,4,0,0,0,1,0,0,1,0,0,0
GTvsSRH_image_214.jpg,Test,3,16,0,0,0,0,0,0,1,0,0,2
GTvsPBKS_image_67.jpg,Test,2,4,0,0,0,0,0,0,2,0,0,0
GTvsRR_image_96.jpg,Test,2,8,0,0,0,0,0,1,0,1,0,0
MIvsKKR_image_47.jpg,Test,2,8,0,0,0,1,0,1,0,0,0,0
SRHvsPBKS_image_43.jpg,Test,1,5,0,0,0,0,0,0,0,0,0,1
KKRvsRR_image_34.jpg,Test,1,2,0,0,0,0,0,0,0,1,0,0
RCBvsDC_image_36.jpg,Test,1,2,0,1,0,0,0,0,0,0,0,0
KKRvsCSK_image_64.jpg,Test,1,15,1,0,0,0,0,0,0,0,0,0
GTvsMI_image_210.jpg,Test,2,5,0,0,1,0,0,1,0,0,0,0
SRHvsMI_image_74.jpg,Test,1,7,0,0,0,0,0,1,0,0,0,0
LSGvsMI_image_150.jpg,Test,2,3,0,0,1,0,0,1,0,0,0,0
SRHvsPBKS_image_2.jpg,Test,1,7,0,0,0,0,0,0,0,0,0,1
KKRvsPBKS_image_47.jpg,Test,1,11,0,0,0,1,0,0,0,0,0,0
KKRvsSRH_image_152.jpg,Test,3,17,0,0,0,0,0,0,0,0,0,3
SRHvsPBKS_image_121.jpg,Test,1,5,0,0,0,0,0,0,0,0,0,1
PBKSvsCSK_image_89.jpg,Test,1,7,1,0,0,0,0,0,0,0,0,0
PBKSvsCSK_image_80.jpg,Test,1,5,1,0,0,0,0,0,0,0,0,0
RRvsCSK_image_179.jpg,Test,1,11,0,0,0,0,0,0,0,1,0,0
KKRvsRR_image_11.jpg,Test,2,4,0,0,0,1,0,0,0,1,0,0
PBKSvsCSK_image_123.jpg,Test,0,0,0,0,0,0,0,0,0,0,0,0
KKRvsRCB_image_74.jpg,Test,1,3,0,0,0,0,0,0,0,0,1,0
PBKSvsCSK_image_109.jpg,Test,1,8,1,0,0,0,0,0,0,0,0,0
LSGvsRCB_image_177.jpg,Test,3,9,0,0,1,0,1,0,0,0,1,0
PBKSvsMI_image_10.jpg,Test,1,5,0,0,0,0,0,1,0,0,0,0
RRvsMI_image_123.jpg,Test,2,19,0,0,0,0,0,1,0,1,0,0
KKRvsPBKS_image_120.jpg,Test,1,3,0,0,0,0,0,0,1,0,0,0
GTvsMI_image_223.jpg,Test,2,19,0,0,1,0,0,1,0,0,0,0
RRvsCSK_image_233.jpg,Test,2,4,0,0,0,0,0,0,0,2,0,0
KKRvsRR_image_117.jpg,Test,2,10,0,0,0,1,0,0,0,1,0,0
RCBvsPBKS_image_181.jpg,Test,3,13,0,0,0,0,0,0,0,0,3,0
GTvsRR_image_27.jpg,Test,2,8,0,0,2,0,0,0,0,0,0,0
SRHvsMI_image_206.jpg,Test,1,6,0,0,0,0,0,1,0,0,0,0
RCBvsPBKS_image_89.jpg,Test,2,3,0,0,0,0,0,0,1,0,1,0
RCBvsGT_image_42.jpg,Test,2,5,0,0,2,0,0,0,0,0,0,0
SRHvsDC_image_43.jpg,Test,2,8,0,0,0,0,0,0,0,0,0,2
MIvsDC_image_147.jpg,Test,1,10,0,0,0,0,0,1,0,0,0,0
SRHvsMI_image_141.jpg,Test,1,8,0,0,0,0,0,0,0,0,0,1
RRvsCSK_image_125.jpg,Test,1,5,0,0,0,0,0,0,0,1,0,0
RCBvsCSK_image_348.jpg,Test,4,8,0,0,0,0,0,0,1,1,2,0
SRHvsMI_image_199.jpg,Test,4,11,0,0,0,0,1,2,0,0,0,1
LSGvsRCB_image_82.jpg,Test,5,6,0,0,1,0,2,0,1,0,1,0
GTvsRR_image_9.jpg,Test,1,7,0,0,1,0,0,0,0,0,0,0
KKRvsSRH_image_111.jpg,Test,1,8,0,0,0,0,0,0,0,0,0,1
MIvsKKR_image_5.jpg,Test,1,5,0,0,0,0,0,1,0,0,0,0
MIvsDC_image_296.jpg,Test,2,16,0,0,0,0,0,2,0,0,0,0
MIvsRCB_image_130.jpg,Test,2,3,0,0,0,0,0,0,1,0,1,0
KKRvsLSG_image_69.jpg,Test,3,3,0,2,0,0,1,0,0,0,0,0
SRHvsMI_image_135.jpg,Test,2,9,0,0,0,0,0,1,0,0,0,1
LSGvsSRH_image_22.jpg,Test,1,9,0,0,0,0,0,0,0,0,0,1
GTvsLSG_image_231.jpg,Test,1,4,0,0,1,0,0,0,0,0,0,0
PBKSvsCSK_image_115.jpg,Test,1,2,0,0,0,0,0,0,1,0,0,0
SRHvsDC_image_38.jpg,Test,3,4,0,1,0,0,0,0,1,0,1,0
SRHvsMI_image_10.jpg,Test,2,9,0,0,0,0,0,1,0,0,0,1
KKRvsPBKS_image_11.jpg,Test,3,15,0,0,0,1,0,0,1,0,1,0
MIvsCSK_image_17.jpg,Test,3,5,0,0,0,0,0,3,0,0,0,0
KKRvsPBKS_image_195.jpg,Test,2,3,0,0,0,0,0,0,0,0,2,0
PBKSvsMI_image_74.jpg,Test,3,5,0,0,0,0,0,0,2,0,1,0
GTvsSRH_image_3.jpg,Test,1,2,0,0,1,0,0,0,0,0,0,0
RCBvsDC_image_239.jpg,Test,2,3,0,1,0,0,0,1,0,0,0,0
PBKSvsMI_image_12.jpg,Test,3,3,0,0,0,0,0,1,1,0,1,0
GTvsMI_image_131.jpg,Test,2,6,0,0,1,0,0,1,0,0,0,0
PBKSvsDC_image_45.jpg,Test,5,16,0,1,0,0,0,0,2,0,2,0
PBKSvsCSK_image_263.jpg,Test,1,13,1,0,0,0,0,0,0,0,0,0
GTvsPBKS_image_22.jpg,Test,1,2,0,0,0,0,0,0,1,0,0,0
KKRvsSRH_image_0.jpg,Test,1,4,0,0,0,1,0,0,0,0,0,0
PBKSvsCSK_image_0.jpg,Test,0,0,0,0,0,0,0,0,0,0,0,0
RCBvsDC_image_4.jpg,Test,1,1,0,0,0,0,0,0,0,0,1,0
RCBvsCSK_image_51.jpg,Test,3,14,1,0,0,0,0,0,0,0,2,0
KKRvsRR_image_24.jpg,Test,2,17,0,0,0,2,0,0,0,0,0,0
RCBvsDC_image_60.jpg,Test,3,3,0,2,0,0,0,1,0,0,0,0
KKRvsLSG_image_76.jpg,Test,2,5,0,0,0,0,1,1,0,0,0,0
KKRvsSRH_image_195.jpg,Test,3,19,0,0,0,1,0,0,0,0,0,2
KKRvsRR_image_108.jpg,Test,3,5,0,0,0,3,0,0,0,0,0,0
RCBvsSRH_image_108.jpg,Test,1,2,0,0,0,0,0,0,0,1,0,0
LSGvsRCB_image_94.jpg,Test,2,6,0,0,1,0,1,0,0,0,0,0
GTvsSRH_image_60.jpg,Test,3,3,0,0,3,0,0,0,0,0,0,0
LSGvsRCB_image_192.jpg,Test,1,2,0,0,0,0,1,0,0,0,0,0
KKRvsSRH_image_102.jpg,Test,5,10,0,0,0,0,0,0,0,0,0,5
KKRvsSRH_image_138.jpg,Test,2,6,0,0,0,2,0,0,0,0,0,0
RRvsLSG_image_76.jpg,Test,2,2,0,0,0,0,1,1,0,0,0,0
PBKSvsCSK_image_118.jpg,Test,5,11,0,0,0,0,0,0,3,0,2,0
SRHvsMI_image_121.jpg,Test,2,6,0,0,0,0,0,1,0,0,0,1
GTvsSRH_image_109.jpg,Test,1,9,0,0,1,0,0,0,0,0,0,0
PBKSvsCSK_image_78.jpg,Test,1,4,1,0,0,0,0,0,0,0,0,0
RRvsCSK_image_135.jpg,Test,1,7,1,0,0,0,0,0,0,0,0,0
SRHvsMI_image_32.jpg,Test,2,6,0,0,1,0,0,0,0,0,0,1
RRvsCSK_image_75.jpg,Test,3,5,2,0,0,0,0,0,0,1,0,0
KKRvsCSK_image_1.jpg,Test,1,5,0,0,0,1,0,0,0,0,0,0
GTvsSRH_image_251.jpg,Test,2,2,0,0,1,0,0,0,0,0,0,1
KKRvsCSK_image_274.jpg,Test,1,6,0,0,0,1,0,0,0,0,0,0
KKRvsSRH_image_267.jpg,Test,1,23,0,0,0,0,0,0,0,0,0,1
RRvsLSG_image_41.jpg,Test,0,0,0,0,0,0,0,0,0,0,0,0
KKRvsGT_image_202.jpg,Test,4,12,0,0,3,0,1,0,0,0,0,0
KKRvsPBKS_image_175.jpg,Test,2,23,0,0,0,1,0,0,0,0,1,0
PBKSvsDC_image_104.jpg,Test,1,3,0,1,0,0,0,0,0,0,0,0
MIvsCSK_image_140.jpg,Test,3,11,1,0,0,0,0,1,0,1,0,0
RRvsLSG_image_17.jpg,Test,1,3,0,0,0,0,0,0,0,1,0,0
SRHvsDC_image_62.jpg,Test,2,4,0,1,0,0,0,0,0,0,0,1
KKRvsPBKS_image_72.jpg,Test,1,1,0,0,0,0,0,0,1,0,0,0
MIvsRCB_image_100.jpg,Test,1,1,0,0,0,0,0,0,0,0,1,0
MIvsCSK_image_316.jpg,Test,1,7,0,0,0,0,0,1,0,0,0,0
KKRvsSRH_image_170.jpg,Test,2,4,0,0,0,0,0,0,0,0,0,2
RCBvsCSK_image_92.jpg,Test,5,7,2,0,0,0,0,0,1,1,1,0
KKRvsGT_image_163.jpg,Test,1,4,0,0,0,1,0,0,0,0,0,0
SRHvsDC_image_112.jpg,Test,3,8,0,1,0,0,0,0,0,0,1,1
GTvsSRH_image_256.jpg,Test,1,2,0,0,0,0,0,0,0,0,0,1
SRHvsRR_image_0.jpg,Test,1,10,0,0,0,0,0,0,0,0,0,1
SRHvsDC_image_122.jpg,Test,1,1,0,1,0,0,0,0,0,0,0,0
MIvsCSK_image_317.jpg,Test,0,0,0,0,0,0,0,0,0,0,0,0
KKRvsSRH_image_57.jpg,Test,1,4,0,0,0,1,0,0,0,0,0,0
GTvsSRH_image_82.jpg,Test,2,3,0,0,2,0,0,0,0,0,0,0
RRvsLSG_image_90.jpg,Test,2,3,0,0,0,0,1,1,0,0,0,0
RCBvsPBKS_image_100.jpg,Test,5,7,0,0,1,0,0,0,1,0,2,1
MIvsDC_image_350.jpg,Test,1,8,1,0,0,0,0,0,0,0,0,0
SRHvsRR_image_3.jpg,Test,1,14,0,0,0,0,0,0,0,0,0,1
MIvsRCB_image_157.jpg,Test,1,6,0,0,0,0,0,0,0,0,1,0
KKRvsCSK_image_62.jpg,Test,2,5,1,0,0,1,0,0,0,0,0,0
SRHvsMI_image_178.jpg,Test,3,13,0,0,0,0,0,0,0,0,0,3
GTvsLSG_image_294.jpg,Test,2,4,0,0,1,0,1,0,0,0,0,0
RCBvsCSK_image_106.jpg,Test,1,1,1,0,0,0,0,0,0,0,0,0
LSGvsSRH_image_46.jpg,Test,3,6,0,0,0,0,1,2,0,0,0,0
RCBvsRR_image_157.jpg,Test,5,14,0,0,0,0,0,0,2,2,1,0
KKRvsGT_image_165.jpg,Test,2,11,0,0,1,1,0,0,0,0,0,0
RCBvsCSK_image_31.jpg,Test,1,6,0,0,0,0,0,0,0,0,1,0
KKRvsSRH_image_275.jpg,Test,2,4,0,0,0,1,0,0,0,0,0,1
GTvsLSG_image_10.jpg,Test,2,2,0,0,0,0,0,0,0,2,0,0
KKRvsSRH_image_151.jpg,Test,1,11,0,0,0,0,0,0,0,0,0,1
KKRvsSRH_image_16.jpg,Test,1,26,0,0,0,0,0,0,0,0,0,1
SRHvsPBKS_image_31.jpg,Test,1,5,0,0,0,0,0,0,0,0,0,1
KKRvsSRH_image_164.jpg,Test,1,4,0,0,0,1,0,0,0,0,0,0
RCBvsRR_image_31.jpg,Test,4,9,0,0,0,0,0,0,0,0,4,0
RCBvsPBKS_image_31.jpg,Test,2,13,0,0,0,0,0,0,0,0,2,0
LSGvsCSK_image_93.jpg,Test,1,4,1,0,0,0,0,0,0,0,0,0
PBKSvsCSK_image_105.jpg,Test,1,4,1,0,0,0,0,0,0,0,0,0
RCBvsCSK_image_94.jpg,Test,3,9,0,0,0,0,0,0,1,0,2,0
PBKSvsDC_image_61.jpg,Test,3,3,0,0,1,0,0,0,1,0,0,1
SRHvsMI_image_71.jpg,Test,2,4,0,0,0,0,0,2,0,0,0,0
KKRvsLSG_image_101.jpg,Test,2,6,0,0,0,0,1,1,0,0,0,0
SRHvsDC_image_66.jpg,Test,2,8,0,0,0,0,0,0,0,0,0,2
MIvsCSK_image_57.jpg,Test,1,7,1,0,0,0,0,0,0,0,0,0
KKRvsLSG_image_7.jpg,Test,1,3,0,0,0,1,0,0,0,0,0,0
LSGvsRCB_image_27.jpg,Test,3,4,0,0,0,0,0,0,1,0,2,0
PBKSvsCSK_image_246.jpg,Test,4,5,2,0,1,1,0,0,0,0,0,0
PBKSvsMI_image_82.jpg,Test,1,2,0,0,0,0,0,0,1,0,0,0
KKRvsPBKS_image_236.jpg,Test,1,1,0,0,0,0,0,0,1,0,0,0
GTvsSRH_image_73.jpg,Test,3,12,0,0,1,0,0,0,0,0,0,2
KKRvsSRH_image_77.jpg,Test,1,6,0,0,0,0,0,0,0,0,0,1
GTvsLSG_image_16.jpg,Test,1,3,0,0,1,0,0,0,0,0,0,0
RCBvsSRH_image_137.jpg,Test,3,9,0,0,0,0,0,0,0,0,1,2
PBKSvsDC_image_105.jpg,Test,1,2,0,1,0,0,0,0,0,0,0,0
SRHvsPBKS_image_113.jpg,Test,1,15,0,0,0,0,0,0,0,0,0,1
KKRvsPBKS_image_165.jpg,Test,2,6,0,0,0,0,0,0,2,0,0,0
KKRvsLSG_image_63.jpg,Test,0,0,0,0,0,0,0,0,0,0,0,0
MIvsDC_image_333.jpg,Test,0,0,0,0,0,0,0,0,0,0,0,0
MIvsRCB_image_128.jpg,Test,2,11,0,0,0,0,0,1,0,0,1,0
PBKSvsCSK_image_244.jpg,Test,2,5,2,0,0,0,0,0,0,0,0,0
KKRvsPBKS_image_123.jpg,Test,1,4,0,0,0,1,0,0,0,0,0,0
PBKSvsDC_image_62.jpg,Test,1,1,0,0,0,0,0,0,1,0,0,0
GTvsSRH_image_72.jpg,Test,0,0,0,0,0,0,0,0,0,0,0,0
RCBvsDC_image_229.jpg,Test,2,5,0,1,0,0,0,1,0,0,0,0
SRHvsRR_image_6.jpg,Test,1,10,0,0,0,0,0,0,0,0,0,1
SRHvsMI_image_83.jpg,Test,4,11,0,0,0,0,0,3,0,0,0,1
KKRvsRR_image_63.jpg,Test,1,1,0,0,0,0,0,0,0,1,0,0
RCBvsSRH_image_180.jpg,Test,3,3,0,0,2,0,0,0,0,0,1,0
GTvsSRH_image_96.jpg,Test,3,8,0,0,0,0,0,0,0,0,0,3
RCBvsGT_image_65.jpg,Test,3,7,0,0,1,0,0,0,1,0,1,0
RCBvsRR_image_45.jpg,Test,3,6,0,0,0,1,0,0,0,2,0,0
PBKSvsCSK_image_271.jpg,Test,2,4,1,0,1,0,0,0,0,0,0,0
PBKSvsCSK_image_20.jpg,Test,3,4,2,0,0,0,0,0,1,0,0,0
PBKSvsCSK_image_273.jpg,Test,3,5,0,0,0,0,0,0,2,0,1,0
SRHvsDC_image_163.jpg,Test,1,6,0,0,0,0,0,0,0,0,0,1
KKRvsPBKS_image_112.jpg,Test,2,19,0,0,0,2,0,0,0,0,0,0
GTvsPBKS_image_81.jpg,Test,3,9,0,0,3,0,0,0,0,0,0,0
LSGvsMI_image_175.jpg,Test,2,4,0,1,0,0,1,0,0,0,0,0
KKRvsSRH_image_249.jpg,Test,2,9,0,0,0,0,0,0,0,0,0,2
RCBvsDC_image_14.jpg,Test,3,8,0,1,0,0,0,0,1,0,1,0
SRHvsMI_image_44.jpg,Test,2,25,0,0,0,0,0,0,0,0,1,1
KKRvsRCB_image_32.jpg,Test,8,10,0,0,0,0,0,1,3,1,3,0
SRHvsDC_image_9.jpg,Test,1,1,0,0,0,0,0,0,0,0,0,1
GTvsSRH_image_56.jpg,Test,1,3,0,0,0,0,0,0,0,0,0,1
SRHvsPBKS_image_131.jpg,Test,1,4,0,0,0,0,0,0,0,0,0,1
SRHvsDC_image_121.jpg,Test,1,4,0,1,0,0,0,0,0,0,0,0
KKRvsLSG_image_129.jpg,Test,3,19,0,0,0,1,1,1,0,0,0,0
KKRvsPBKS_image_58.jpg,Test,4,15,0,0,0,0,0,0,2,0,1,1
SRHvsMI_image_156.jpg,Test,5,13,0,0,0,0,0,5,0,0,0,0
LSGvsSRH_image_218.jpg,Test,1,5,0,0,0,0,1,0,0,0,0,0
RCBvsSRH_image_49.jpg,Test,1,5,0,0,0,0,0,0,0,0,0,1
MIvsDC_image_141.jpg,Test,3,5,0,2,0,0,0,1,0,0,0,0
SRHvsMI_image_184.jpg,Test,2,12,0,0,0,0,0,2,0,0,0,0
SRHvsDC_image_167.jpg,Test,1,3,0,1,0,0,0,0,0,0,0,0
GTvsMI_image_212.jpg,Test,1,3,0,0,1,0,0,0,0,0,0,0
KKRvsRR_image_245.jpg,Test,1,3,0,0,0,0,0,0,0,1,0,0
RCBvsRR_image_192.jpg,Test,2,6,0,0,0,0,0,0,0,1,1,0
PBKSvsCSK_image_169.jpg,Test,2,20,0,0,0,0,0,0,1,0,1,0
SRHvsRR_image_159.jpg,Test,1,3,0,0,0,0,0,0,0,0,0,1
LSGvsMI_image_17.jpg,Test,1,4,0,0,0,0,0,1,0,0,0,0
MIvsDC_image_18.jpg,Test,3,12,0,2,0,0,0,0,1,0,0,0
KKRvsCSK_image_140.jpg,Test,2,8,0,0,0,2,0,0,0,0,0,0
SRHvsPBKS_image_106.jpg,Test,1,3,0,0,0,0,0,0,1,0,0,0
RRvsCSK_image_89.jpg,Test,4,12,1,0,0,0,0,0,0,3,0,0
LSGvsCSK_image_84.jpg,Test,1,4,0,0,0,0,1,0,0,0,0,0
RCBvsGT_image_61.jpg,Test,1,4,0,0,0,0,0,0,0,0,1,0
RCBvsDC_image_5.jpg,Test,3,3,0,0,0,0,1,0,1,0,1,0
KKRvsSRH_image_59.jpg,Test,1,1,0,0,0,0,0,0,0,0,0,1
RRvsMI_image_145.jpg,Test,1,4,0,0,0,0,0,1,0,0,0,0
GTvsRR_image_130.jpg,Test,2,2,0,0,0,0,0,1,0,1,0,0
GTvsMI_image_218.jpg,Test,2,16,0,0,0,0,0,2,0,0,0,0
KKRvsCSK_image_22.jpg,Test,1,5,0,0,0,1,0,0,0,0,0,0
RRvsCSK_image_101.jpg,Test,5,6,3,1,0,0,0,0,0,1,0,0
RRvsMI_image_5.jpg,Test,1,5,0,0,0,0,0,1,0,0,0,0
RRvsCSK_image_152.jpg,Test,3,9,1,0,0,0,0,0,0,1,1,0
SRHvsPBKS_image_58.jpg,Test,1,3,0,0,0,0,0,0,0,0,0,1
KKRvsPBKS_image_155.jpg,Test,1,9,0,0,0,1,0,0,0,0,0,0
PBKSvsCSK_image_13.jpg,Test,3,12,0,0,0,0,0,0,2,0,1,0
RRvsLSG_image_43.jpg,Test,2,3,0,0,0,0,2,0,0,0,0,0
PBKSvsDC_image_8.jpg,Test,1,2,0,0,0,0,0,0,1,0,0,0
RRvsLSG_image_95.jpg,Test,1,6,0,0,0,0,0,0,0,1,0,0
RCBvsPBKS_image_0.jpg,Test,1,1,0,0,0,0,0,0,1,0,0,0
MIvsKKR_image_3.jpg,Test,2,19,0,0,0,1,0,1,0,0,0,0
PBKSvsCSK_image_198.jpg,Test,3,6,1,0,1,0,0,0,1,0,0,0
SRHvsPBKS_image_6.jpg,Test,1,2,0,0,0,0,0,0,1,0,0,0
PBKSvsCSK_image_155.jpg,Test,1,7,1,0,0,0,0,0,0,0,0,0
KKRvsPBKS_image_182.jpg,Test,5,15,0,0,0,2,0,0,1,0,2,0
RRvsLSG_image_57.jpg,Test,1,14,0,0,0,0,0,0,0,1,0,0
PBKSvsDC_image_43.jpg,Test,1,2,0,0,0,0,0,0,1,0,0,0
LSGvsSRH_image_23.jpg,Test,1,5,0,0,0,0,0,0,0,0,0,1
RRvsLSG_image_5.jpg,Test,2,4,0,0,0,0,1,1,0,0,0,0
MIvsRCB_image_146.jpg,Test,1,3,0,0,0,0,0,0,0,0,1,0
RCBvsGT_image_6.jpg,Test,1,7,0,0,0,0,0,0,0,0,1,0
KKRvsLSG_image_17.jpg,Test,1,5,0,0,0,1,0,0,0,0,0,0
PBKSvsCSK_image_202.jpg,Test,2,10,1,0,0,0,0,0,1,0,0,0
GTvsPBKS_image_106.jpg,Test,1,2,0,0,0,0,0,0,1,0,0,0
KKRvsSRH_image_262.jpg,Test,2,7,0,0,0,1,0,0,0,0,0,1
SRHvsMI_image_188.jpg,Test,1,5,0,0,0,0,0,0,0,0,0,1
SRHvsMI_image_70.jpg,Test,3,7,0,0,0,0,0,1,0,0,0,2
KKRvsLSG_image_119.jpg,Test,3,4,0,0,1,2,0,0,0,0,0,0
LSGvsSRH_image_45.jpg,Test,1,4,0,0,0,0,1,0,0,0,0,0
GTvsMI_image_277.jpg,Test,4,12,0,0,3,0,0,1,0,0,0,0
KKRvsLSG_image_8.jpg,Test,2,5,0,0,0,2,0,0,0,0,0,0
PBKSvsDC_image_3.jpg,Test,4,14,0,2,0,0,0,0,1,0,1,0
RRvsCSK_image_229.jpg,Test,1,6,0,0,0,0,0,0,0,1,0,0
PBKSvsDC_image_103.jpg,Test,2,2,0,0,1,0,0,0,1,0,0,0
PBKSvsCSK_image_176.jpg,Test,1,4,1,0,0,0,0,0,0,0,0,0
SRHvsMI_image_205.jpg,Test,1,5,0,0,0,0,0,0,0,0,0,1
KKRvsCSK_image_42.jpg,Test,2,6,2,0,0,0,0,0,0,0,0,0
SRHvsPBKS_image_75.jpg,Test,2,4,0,0,0,0,1,0,1,0,0,0
RCBvsRR_image_11.jpg,Test,2,8,0,0,0,0,0,0,0,0,2,0
PBKSvsDC_image_37.jpg,Test,2,7,0,0,0,0,0,0,2,0,0,0
LSGvsMI_image_6.jpg,Test,1,8,0,0,0,0,1,0,0,0,0,0
RCBvsPBKS_image_76.jpg,Test,1,2,0,0,0,0,0,0,0,0,1,0
KKRvsSRH_image_254.jpg,Test,4,12,0,0,0,3,0,1,0,0,0,0
SRHvsDC_image_46.jpg,Test,2,6,0,0,0,0,0,0,0,1,0,1
SRHvsDC_image_145.jpg,Test,1,4,0,1,0,0,0,0,0,0,0,0
RCBvsDC_image_179.jpg,Test,2,5,0,2,0,0,0,0,0,0,0,0
KKRvsLSG_image_139.jpg,Test,2,4,0,0,0,0,1,1,0,0,0,0
GTvsRR_image_29.jpg,Test,1,7,0,0,1,0,0,0,0,0,0,0
GTvsRR_image_54.jpg,Test,1,3,0,0,0,0,0,0,0,1,0,0
PBKSvsCSK_image_261.jpg,Test,3,6,2,0,0,0,0,0,0,0,1,0
LSGvsRCB_image_173.jpg,Test,2,3,0,0,0,0,1,1,0,0,0,0
KKRvsSRH_image_258.jpg,Test,2,7,0,0,0,1,0,0,0,0,0,1
PBKSvsDC_image_27.jpg,Test,2,2,0,1,0,0,1,0,0,0,0,0
KKRvsSRH_image_27.jpg,Test,3,9,0,0,0,2,0,0,0,0,0,1
SRHvsDC_image_37.jpg,Test,1,27,0,0,0,0,0,0,0,0,0,1
KKRvsSRH_image_150.jpg,Test,1,13,0,0,0,1,0,0,0,0,0,0
RRvsLSG_image_65.jpg,Test,2,4,0,0,0,0,1,0,0,1,0,0
SRHvsDC_image_182.jpg,Test,1,3,0,1,0,0,0,0,0,0,0,0
LSGvsMI_image_96.jpg,Test,2,6,0,0,0,1,0,1,0,0,0,0
RRvsCSK_image_154.jpg,Test,1,7,0,0,0,0,0,0,0,1,0,0
LSGvsRCB_image_34.jpg,Test,2,6,0,0,0,0,0,0,0,0,2,0
KKRvsSRH_image_171.jpg,Test,1,3,0,0,0,1,0,0,0,0,0,0
KKRvsPBKS_image_45.jpg,Test,1,2,0,0,0,0,0,0,1,0,0,0
GTvsLSG_image_249.jpg,Test,3,6,0,0,1,0,0,0,0,0,1,1
RCBvsPBKS_image_184.jpg,Test,3,9,0,0,0,0,0,0,1,0,1,1
GTvsLSG_image_53.jpg,Test,3,16,0,0,1,0,1,1,0,0,0,0
RRvsMI_image_126.jpg,Test,4,12,0,0,0,0,0,1,0,3,0,0
LSGvsRCB_image_25.jpg,Test,2,4,0,0,0,0,0,0,1,0,1,0
KKRvsSRH_image_142.jpg,Test,6,25,0,0,0,4,0,0,0,0,2,0
PBKSvsCSK_image_162.jpg,Test,1,2,0,0,0,0,0,0,1,0,0,0
KKRvsPBKS_image_73.jpg,Test,3,7,0,0,0,2,0,0,1,0,0,0
RCBvsGT_image_100.jpg,Test,2,4,0,0,1,0,0,0,0,0,1,0
RCBvsGT_image_138.jpg,Test,2,3,0,0,0,0,0,0,0,0,1,1
RCBvsRR_image_196.jpg,Test,2,12,0,0,0,0,0,0,0,1,1,0
PBKSvsCSK_image_128.jpg,Test,2,3,0,0,0,0,0,0,1,0,1,0
SRHvsMI_image_127.jpg,Test,1,3,0,0,0,0,0,0,0,0,0,1
KKRvsCSK_image_30.jpg,Test,3,8,1,0,0,1,0,0,0,1,0,0
RRvsMI_image_81.jpg,Test,3,16,0,0,0,1,0,1,0,1,0,0
RCBvsDC_image_77.jpg,Test,5,13,0,0,0,0,0,0,2,0,3,0
SRHvsMI_image_122.jpg,Test,2,4,0,0,0,0,0,2,0,0,0,0
KKRvsPBKS_image_105.jpg,Test,3,15,0,0,0,1,0,0,1,0,1,0
SRHvsMI_image_87.jpg,Test,1,11,0,0,0,0,0,0,0,0,0,1
RCBvsGT_image_52.jpg,Test,0,0,0,0,0,0,0,0,0,0,0,0
GTvsRR_image_172.jpg,Test,2,3,0,0,1,0,0,0,0,1,0,0
RCBvsPBKS_image_22.jpg,Test,3,4,0,0,0,0,0,0,1,0,1,1
RCBvsPBKS_image_149.jpg,Test,3,7,0,0,0,0,0,0,2,0,1,0
LSGvsRCB_image_219.jpg,Test,4,10,0,0,1,0,1,1,0,0,0,1
SRHvsMI_image_246.jpg,Test,1,5,0,0,0,0,0,0,0,0,0,1
GTvsMI_image_243.jpg,Test,1,1,0,0,1,0,0,0,0,0,0,0
RCBvsSRH_image_94.jpg,Test,2,4,0,0,0,0,0,0,0,0,0,2
GTvsLSG_image_54.jpg,Test,1,9,0,0,0,0,1,0,0,0,0,0
PBKSvsDC_image_84.jpg,Test,7,17,0,0,0,0,0,0,3,0,3,1
RRvsLSG_image_30.jpg,Test,2,3,0,0,0,0,1,0,0,1,0,0
MIvsCSK_image_101.jpg,Test,2,21,1,0,1,0,0,0,0,0,0,0
KKRvsPBKS_image_181.jpg,Test,4,7,0,0,0,0,0,0,3,0,1,0
MIvsRCB_image_12.jpg,Test,4,7,0,0,0,0,0,0,1,0,3,0
SRHvsMI_image_241.jpg,Test,2,15,0,0,0,0,0,1,0,0,0,1
MIvsDC_image_269.jpg,Test,1,2,0,1,0,0,0,0,0,0,0,0
PBKSvsDC_image_44.jpg,Test,5,20,0,3,0,0,0,0,1,0,1,0
RCBvsGT_image_13.jpg,Test,1,9,0,0,0,0,0,0,0,0,1,0
RCBvsRR_image_282.jpg,Test,3,4,0,0,0,0,1,0,0,1,1,0
SRHvsMI_image_215.jpg,Test,2,8,0,0,0,0,0,2,0,0,0,0
KKRvsCSK_image_35.jpg,Test,3,13,0,0,0,1,0,2,0,0,0,0
MIvsRCB_image_19.jpg,Test,3,9,0,0,0,0,0,1,1,0,1,0
LSGvsMI_image_186.jpg,Test,2,7,0,0,1,0,1,0,0,0,0,0
PBKSvsMI_image_120.jpg,Test,3,5,0,0,0,0,0,1,1,1,0,0
SRHvsMI_image_76.jpg,Test,2,5,0,0,0,0,1,1,0,0,0,0
KKRvsCSK_image_28.jpg,Test,2,6,1,0,0,1,0,0,0,0,0,0
SRHvsRR_image_149.jpg,Test,1,5,0,0,0,0,0,0,0,1,0,0
KKRvsSRH_image_88.jpg,Test,7,8,0,0,0,1,0,1,0,0,1,4
SRHvsPBKS_image_103.jpg,Test,4,9,0,0,1,0,0,0,1,0,1,1
KKRvsPBKS_image_26.jpg,Test,1,1,0,0,0,0,0,0,1,0,0,0
RCBvsDC_image_243.jpg,Test,2,2,0,2,0,0,0,0,0,0,0,0
PBKSvsDC_image_36.jpg,Test,1,4,0,1,0,0,0,0,0,0,0,0
LSGvsMI_image_10.jpg,Test,1,4,0,0,0,0,0,1,0,0,0,0
SRHvsMI_image_55.jpg,Test,2,24,0,0,0,0,0,2,0,0,0,0
MIvsKKR_image_59.jpg,Test,3,7,0,0,0,3,0,0,0,0,0,0
PBKSvsCSK_image_243.jpg,Test,2,5,2,0,0,0,0,0,0,0,0,0
GTvsPBKS_image_105.jpg,Test,2,3,0,0,0,0,0,0,0,1,0,1
RRvsMI_image_97.jpg,Test,1,1,0,0,0,0,0,1,0,0,0,0
